m,u,l,t,i,p,l,e, ,s,c,l,e,r,o,s,i,s
P,a,r,k,i,n,s,o,n,',s, ,d,i,s,e,a,s,e
h,e,p,a,t,i,t,i,s, ,B
A,I,D,S
l,e,u,k,e,m,i,a
a,r,t,e,r,i,a,l, ,h,y,p,e,r,t,e,n,s,i,o,n
p,a,i,n
l,y,m,p,h,o,m,a
l,e,g,i,o,n,n,a,i,r,e,s,', ,d,i,s,e,a,s,e
b,r,o,n,c,h,i,t,i,s
t,r,a,c,h,o,m,a
l,e,p,r,o,s,y
c,h,a,n,c,r,o,i,d
p,n,e,u,m,o,n,i,a
p,s,o,r,i,a,s,i,s
m,e,n,t,a,l, ,d,i,s,o,r,d,e,r
a,b,s,c,e,s,s
c,y,s,t,i,t,i,s
d,e,r,m,a,t,i,t,i,s
u,r,i,n,a,r,y, ,t,r,a,c,t, ,i,n,f,e,c,t,i,o,n
h,e,m,a,t,o,c,h,e,z,i,a
s,e,p,t,i,c, ,s,h,o,c,k
t,r,i,g,e,m,i,n,a,l, ,n,e,u,r,a,l,g,i,a
c,o,m,m,o,n, ,c,o,l,d
o,t,i,t,i,s, ,m,e,d,i,a
s,i,n,u,s,i,t,i,s
d,i,v,e,r,t,i,c,u,l,i,t,i,s
v,e,n,t,r,i,c,u,l,a,r, ,f,i,b,r,i,l,l,a,t,i,o,n
b,a,c,t,e,r,i,a,l, ,p,n,e,u,m,o,n,i,a
c,o,n,s,t,i,p,a,t,i,o,n
s,c,h,i,z,o,p,h,r,e,n,i,a
h,y,p,o,k,a,l,e,m,i,a
a,s,t,h,m,a
m,a,j,o,r, ,d,e,p,r,e,s,s,i,v,e, ,d,i,s,o,r,d,e,r
b,r,a,d,y,c,a,r,d,i,a
h,e,m,o,l,y,t,i,c, ,a,n,e,m,i,a
a,c,u,t,e, ,b,r,o,n,c,h,i,t,i,s
L,e,m,i,e,r,r,e,',s, ,s,y,n,d,r,o,m,e
y,a,w,s
i,r,i,d,o,c,y,c,l,i,t,i,s
p,s,y,c,h,o,s,i,s
a,n,g,i,n,a, ,p,e,c,t,o,r,i,s
m,e,n,t,a,l, ,d,e,p,r,e,s,s,i,o,n
t,e,t,a,n,u,s
h,e,a,r,t,b,u,r,n
g,i,n,g,i,v,i,t,i,s
g,o,n,o,r,r,h,e,a
p,l,a,n,t,a,r, ,f,a,s,c,i,i,t,i,s
d,i,a,r,r,h,e,a
c,o,n,c,u,s,s,i,o,n
d,e,n,t,a,l, ,a,b,s,c,e,s,s
t,y,p,h,o,i,d, ,f,e,v,e,r
s,y,p,h,i,l,i,s
i,n,f,l,u,e,n,z,a
u,p,p,e,r, ,r,e,s,p,i,r,a,t,o,r,y, ,t,r,a,c,t, ,i,n,f,e,c,t,i,o,n
p,h,a,r,y,n,g,i,t,i,s
p,r,e,m,e,n,s,t,r,u,a,l, ,s,y,n,d,r,o,m,e
o,t,i,t,i,s
u,r,e,t,h,r,i,t,i,s
b,l,e,p,h,a,r,i,t,i,s
a,c,n,e
d,i,p,h,t,h,e,r,i,a
h,y,p,e,r,t,h,e,r,m,i,a
u,v,e,i,t,i,s
k,i,d,n,e,y, ,f,a,i,l,u,r,e
a,c,u,t,e, ,m,y,e,l,o,i,d, ,l,e,u,k,e,m,i,a
f,i,b,r,o,m,y,a,l,g,i,a
o,t,i,t,i,s, ,e,x,t,e,r,n,a
a,c,u,t,e, ,p,r,o,m,y,e,l,o,c,y,t,i,c, ,l,e,u,k,e,m,i,a
b,i,p,o,l,a,r, ,d,i,s,o,r,d,e,r
c,h,l,a,m,y,d,i,a, ,i,n,f,e,c,t,i,o,n
b,o,t,u,l,i,s,m
m,i,g,r,a,i,n,e
h,e,r,p,e,s, ,z,o,s,t,e,r
t,e,n,s,i,o,n, ,h,e,a,d,a,c,h,e
h,y,p,o,t,e,n,s,i,o,n
i,n,s,o,m,n,i,a
p,e,r,n,i,c,i,o,u,s, ,a,n,e,m,i,a
a,m,e,n,o,r,r,h,e,a
m,y,a,s,t,h,e,n,i,a, ,g,r,a,v,i,s
e,p,i,l,e,p,s,y
k,e,r,a,t,i,t,i,s
i,r,r,i,t,a,b,l,e, ,b,o,w,e,l, ,s,y,n,d,r,o,m,e
b,r,e,a,s,t, ,c,a,n,c,e,r
p,a,n,i,c, ,d,i,s,o,r,d,e,r
p,e,r,t,u,s,s,i,s
e,n,d,o,m,e,t,r,i,a,l, ,h,y,p,e,r,p,l,a,s,i,a
b,a,c,t,e,r,i,u,r,i,a
m,y,o,c,a,r,d,i,a,l, ,i,n,f,a,r,c,t,i,o,n
c,h,i,c,k,e,n,p,o,x
l,i,s,t,e,r,i,o,s,i,s
o,r,n,i,t,h,o,s,i,s
s,c,h,i,z,o,i,d, ,p,e,r,s,o,n,a,l,i,t,y, ,d,i,s,o,r,d,e,r
m,a,c,r,o,c,y,t,i,c, ,a,n,e,m,i,a
a,t,t,e,n,t,i,o,n, ,d,e,f,i,c,i,t, ,h,y,p,e,r,a,c,t,i,v,i,t,y, ,d,i,s,o,r,d,e,r
p,o,s,t,-,t,r,a,u,m,a,t,i,c, ,s,t,r,e,s,s, ,d,i,s,o,r,d,e,r
c,e,l,l,u,l,i,t,i,s
t,o,n,s,i,l,l,i,t,i,s
a,m,n,e,s,i,a
o,b,e,s,i,t,y
s,h,i,g,e,l,l,o,s,i,s
a,n,x,i,e,t,y, ,d,i,s,o,r,d,e,r
h,e,p,a,t,i,t,i,s, ,C
Q, ,f,e,v,e,r
s,k,i,n, ,d,i,s,e,a,s,e
s,t,a,t,u,s, ,a,s,t,h,m,a,t,i,c,u,s
H,u,n,t,i,n,g,t,o,n,',s, ,d,i,s,e,a,s,e
d,y,s,p,n,e,a
l,y,m,p,h,a,n,g,i,o,l,e,i,o,m,y,o,m,a,t,o,s,i,s
s,c,h,i,z,o,p,h,r,e,n,i,f,o,r,m, ,d,i,s,o,r,d,e,r
i,r,i,t,i,s
r,a,d,i,c,u,l,o,p,a,t,h,y
h,e,a,r,t, ,d,i,s,e,a,s,e
g,r,a,f,t,-,v,e,r,s,u,s,-,h,o,s,t, ,d,i,s,e,a,s,e
n,u,t,r,i,t,i,o,n, ,d,i,s,o,r,d,e,r
u,l,c,e,r,a,t,i,v,e, ,c,o,l,i,t,i,s
b,a,c,t,e,r,i,a,l, ,v,a,g,i,n,o,s,i,s
a,r,t,h,r,i,t,i,s
e,r,e,c,t,i,l,e, ,d,y,s,f,u,n,c,t,i,o,n
l,i,v,e,r, ,c,i,r,r,h,o,s,i,s
C,r,i,m,e,a,n,-,C,o,n,g,o, ,h,e,m,o,r,r,h,a,g,i,c, ,f,e,v,e,r
g,l,a,u,c,o,m,a
a,l,c,o,h,o,l,i,c, ,n,e,u,r,o,p,a,t,h,y
d,i,a,b,e,t,i,c, ,p,o,l,y,n,e,u,r,o,p,a,t,h,y
e,a,r, ,d,i,s,e,a,s,e
b,l,a,d,d,e,r, ,d,i,s,e,a,s,e
o,c,u,l,a,r, ,h,y,p,e,r,t,e,n,s,i,o,n
g,a,s,t,r,i,c, ,u,l,c,e,r
h,e,r,p,e,s, ,s,i,m,p,l,e,x
b,a,c,t,e,r,i,a,l, ,i,n,f,e,c,t,i,o,u,s, ,d,i,s,e,a,s,e
c,h,r,o,n,i,c, ,r,e,n,a,l, ,i,n,s,u,f,f,i,c,i,e,n,c,y
i,n,t,r,a,c,r,a,n,i,a,l, ,h,y,p,e,r,t,e,n,s,i,o,n
f,a,c,i,a,l, ,d,e,r,m,a,t,o,s,i,s
n,e,u,r,o,t,i,c, ,d,i,s,o,r,d,e,r
c,y,s,t,o,i,s,o,s,p,o,r,i,a,s,i,s
t,r,e,n,c,h, ,f,e,v,e,r
e,r,y,s,i,p,e,l,a,s
t,u,b,e,r,c,u,l,o,s,i,s
m,o,o,d, ,d,i,s,o,r,d,e,r
A,l,z,h,e,i,m,e,r,',s, ,d,i,s,e,a,s,e
b,o,n,e, ,f,r,a,c,t,u,r,e
c,a,r,d,i,a,c, ,a,r,r,e,s,t
k,i,d,n,e,y, ,d,i,s,e,a,s,e
h,e,a,r,t, ,a,r,r,h,y,t,h,m,i,a
n,a,r,c,o,l,e,p,s,y
B,o,l,i,v,i,a,n, ,h,e,m,o,r,r,h,a,g,i,c, ,f,e,v,e,r
e,p,i,d,e,r,m,o,l,y,t,i,c, ,h,y,p,e,r,k,e,r,a,t,o,s,i,s
n,a,s,o,p,h,a,r,y,n,g,i,t,i,s
A,r,g,e,n,t,i,n,e, ,h,e,m,o,r,r,h,a,g,i,c, ,f,e,v,e,r
p,r,i,m,a,r,y, ,a,m,e,b,i,c, ,m,e,n,i,n,g,o,e,n,c,e,p,h,a,l,i,t,i,s
b,o,u,t,o,n,n,e,u,s,e, ,f,e,v,e,r
p,i,n,t,a, ,d,i,s,e,a,s,e
b,r,o,n,c,h,i,o,l,i,t,i,s, ,o,b,l,i,t,e,r,a,n,s
c,o,n,d,u,c,t, ,d,i,s,o,r,d,e,r
e,n,d,o,m,e,t,r,i,o,s,i,s
b,e,j,e,l
p,a,r,a,t,y,p,h,o,i,d, ,f,e,v,e,r
b,o,r,d,e,r,l,i,n,e, ,p,e,r,s,o,n,a,l,i,t,y, ,d,i,s,o,r,d,e,r
h,y,p,e,r,p,a,r,a,t,h,y,r,o,i,d,i,s,m
B,a,b,e,s,i,o,s,i,s
g,r,a,n,u,l,o,m,a, ,i,n,g,u,i,n,a,l,e
c,r,y,p,t,o,s,p,o,r,i,d,i,o,s,i,s
t,i,c,k,-,b,o,r,n,e, ,e,n,c,e,p,h,a,l,i,t,i,s
g,a,s,t,r,o,e,s,o,p,h,a,g,e,a,l, ,r,e,f,l,u,x, ,d,i,s,e,a,s,e
l,u,n,g, ,d,i,s,e,a,s,e
d,e,m,e,n,t,i,a
m,e,l,a,n,o,m,a
W,i,l,s,o,n, ,d,i,s,e,a,s,e
m,a,s,t,o,c,y,t,o,s,i,s
d,i,a,b,e,t,e,s, ,i,n,s,i,p,i,d,u,s
s,e,c,o,n,d,a,r,y, ,h,y,p,e,r,p,a,r,a,t,h,y,r,o,i,d,i,s,m
a,c,r,o,p,u,s,t,u,l,o,s,i,s
s,p,a,s,t,i,c,i,t,y
C,l,o,s,t,r,i,d,i,o,i,d,e,s, ,d,i,f,f,i,c,i,l,e, ,c,o,l,i,t,i,s
s,h,o,r,t, ,b,o,w,e,l, ,s,y,n,d,r,o,m,e
l,e,a,d, ,p,o,i,s,o,n,i,n,g
m,e,n,i,n,g,i,o,m,a
d,u,o,d,e,n,a,l, ,u,l,c,e,r
p,u,l,m,o,n,a,r,y, ,e,m,b,o,l,i,s,m
Z,o,l,l,i,n,g,e,r,–,E,l,l,i,s,o,n, ,s,y,n,d,r,o,m,e
p,e,r,i,o,d,o,n,t,i,t,i,s
c,o,n,g,e,s,t,i,v,e, ,h,e,a,r,t, ,f,a,i,l,u,r,e
a,n,a,l, ,d,i,s,e,a,s,e
b,o,n,e, ,d,i,s,e,a,s,e
M,y,c,o,b,a,c,t,e,r,i,u,m, ,a,v,i,u,m,-,i,n,t,r,a,c,e,l,l,u,l,a,r,e, ,i,n,f,e,c,t,i,o,n
c,o,m,m,o,n, ,w,a,r,t
h,u,m,a,n, ,i,m,m,u,n,o,d,e,f,i,c,i,e,n,c,y, ,v,i,r,u,s, ,i,n,f,e,c,t,i,o,u,s, ,d,i,s,e,a,s,e
t,i,c,k,-,b,o,r,n,e, ,r,e,l,a,p,s,i,n,g, ,f,e,v,e,r
l,o,u,s,e,-,b,o,r,n,e, ,r,e,l,a,p,s,i,n,g, ,f,e,v,e,r
a,c,u,t,e, ,c,o,r,o,n,a,r,y, ,s,y,n,d,r,o,m,e
s,o,c,i,a,l, ,a,n,x,i,e,t,y, ,d,i,s,o,r,d,e,r
e,s,s,e,n,t,i,a,l, ,t,r,e,m,o,r
t,e,m,p,o,r,a,l, ,l,o,b,e, ,e,p,i,l,e,p,s,y
h,y,p,e,r,s,o,m,n,i,a
m,a,n,t,l,e, ,c,e,l,l, ,l,y,m,p,h,o,m,a
t,e,s,t,i,c,u,l,a,r, ,c,a,n,c,e,r
K,a,p,o,s,i,',s, ,s,a,r,c,o,m,a
t,r,a,n,s,i,e,n,t, ,c,e,r,e,b,r,a,l, ,i,s,o,l,a,t,i,o,n
a,n,x,i,e,t,y
a,s,p,e,r,g,i,l,l,o,s,i,s
t,h,r,o,m,b,o,s,i,s
J,a,p,a,n,e,s,e, ,e,n,c,e,p,h,a,l,i,t,i,s
g,i,a,r,d,i,a,s,i,s
l,e,p,t,o,s,p,i,r,o,s,i,s
t,o,x,o,p,l,a,s,m,o,s,i,s
r,o,s,a,c,e,a
c,y,s,t,i,c, ,f,i,b,r,o,s,i,s
s,l,e,e,p, ,d,i,s,o,r,d,e,r
p,e,p,t,i,c, ,u,l,c,e,r, ,d,i,s,e,a,s,e
s,c,h,i,z,o,a,f,f,e,c,t,i,v,e, ,d,i,s,o,r,d,e,r
a,r,t,e,r,i,o,s,c,l,e,r,o,s,i,s
g,e,n,e,r,a,l,i,z,e,d, ,a,n,x,i,e,t,y, ,d,i,s,o,r,d,e,r
r,e,s,t,l,e,s,s, ,l,e,g,s, ,s,y,n,d,r,o,m,e
r,e,n,a,l, ,t,u,b,u,l,a,r, ,a,c,i,d,o,s,i,s
g,a,s,t,r,o,i,n,t,e,s,t,i,n,a,l, ,s,t,r,o,m,a,l, ,t,u,m,o,r
a,t,r,i,a,l, ,f,i,b,r,i,l,l,a,t,i,o,n
c,o,n,j,u,n,c,t,i,v,i,t,i,s
c,a,r,o,t,i,d, ,a,r,t,e,r,y, ,s,t,e,n,o,s,i,s
c,e,r,e,b,r,a,l, ,i,n,f,a,r,c,t,i,o,n
h,e,r,p,e,s, ,s,i,m,p,l,e,x, ,v,i,r,u,s, ,k,e,r,a,t,i,t,i,s
h,y,p,e,r,p,h,o,s,p,h,a,t,e,m,i,a
d,i,f,f,u,s,e, ,l,a,r,g,e, ,B,-,c,e,l,l, ,l,y,m,p,h,o,m,a
s,e,p,s,i,s
r,h,e,u,m,a,t,o,i,d, ,a,r,t,h,r,i,t,i,s
E,w,i,n,g, ,s,a,r,c,o,m,a
n,o,n,-,H,o,d,g,k,i,n, ,l,y,m,p,h,o,m,a
s,t,o,m,a,c,h, ,d,i,s,e,a,s,e
s,t,a,t,u,s, ,e,p,i,l,e,p,t,i,c,u,s
l,e,u,k,o,d,e,r,m,a
m,y,e,l,o,d,y,s,p,l,a,s,t,i,c, ,s,y,n,d,r,o,m,e
a,c,u,t,e, ,l,e,u,k,e,m,i,a
u,t,e,r,i,n,e, ,c,a,n,c,e,r
a,d,u,l,t,-,o,n,s,e,t, ,S,t,i,l,l,',s, ,d,i,s,e,a,s,e
d,e,r,m,a,t,o,f,i,b,r,o,s,a,r,c,o,m,a, ,p,r,o,t,u,b,e,r,a,n,s
o,v,a,r,i,a,n, ,c,a,n,c,e,r
t,o,x,i,c, ,s,h,o,c,k, ,s,y,n,d,r,o,m,e
c,h,o,r,i,o,c,a,r,c,i,n,o,m,a
A,f,r,i,c,a,n, ,t,r,y,p,a,n,o,s,o,m,i,a,s,i,s
p,e,r,i,p,h,e,r,a,l, ,n,e,u,r,o,p,a,t,h,y
o,s,t,e,o,m,y,e,l,i,t,i,s
h,y,p,o,g,o,n,a,d,i,s,m
u,r,t,i,c,a,r,i,a
s,u,b,s,t,a,n,c,e, ,a,b,u,s,e
u,n,s,t,a,b,l,e, ,a,n,g,i,n,a
p,e,p,t,i,c, ,e,s,o,p,h,a,g,i,t,i,s
n,e,u,r,o,b,l,a,s,t,o,m,a
g,e,s,t,a,t,i,o,n,a,l, ,t,r,o,p,h,o,b,l,a,s,t,i,c, ,n,e,o,p,l,a,s,m
a,m,e,b,i,a,s,i,s
a,l,c,o,h,o,l, ,a,b,u,s,e
a,t,h,e,r,o,s,c,l,e,r,o,s,i,s
c,o,n,n,e,c,t,i,v,e, ,t,i,s,s,u,e, ,b,e,n,i,g,n, ,n,e,o,p,l,a,s,m
t,e,s,t,i,c,u,l,a,r, ,g,e,r,m, ,c,e,l,l, ,t,u,m,o,r, ,n,o,n,-,s,e,m,i,n,o,m,a,t,o,u,s
o,p,i,a,t,e, ,d,e,p,e,n,d,e,n,c,e
l,o,p,h,o,m,o,n,i,a,s,i,s
f,a,m,i,l,i,a,l, ,r,e,t,i,n,o,b,l,a,s,t,o,m,a
g,a,s,t,r,o,i,n,t,e,s,t,i,n,a,l, ,c,a,r,c,i,n,o,m,a
C,r,o,h,n,',s, ,d,i,s,e,a,s,e
s,m,a,l,l, ,i,n,t,e,s,t,i,n,e, ,c,a,r,c,i,n,o,m,a
i,n,f,a,n,t,i,l,e, ,e,p,i,l,e,p,t,i,c, ,e,n,c,e,p,h,a,l,o,p,a,t,h,y
p,e,r,i,t,o,n,i,t,i,s
b,a,l,a,n,t,i,d,i,a,s,i,s
s,e,b,o,r,r,h,e,i,c, ,k,e,r,a,t,o,s,i,s
c,o,l,i,t,i,s
n,i,c,o,t,i,n,e, ,d,e,p,e,n,d,e,n,c,e
g,a,s,t,r,i,t,i,s
h,y,p,e,r,s,a,l,i,v,a,t,i,o,n
t,h,r,o,m,b,o,c,y,t,o,p,e,n,i,a
s,w,i,n,e, ,i,n,f,l,u,e,n,z,a
e,p,i,d,e,r,m,o,l,y,s,i,s, ,b,u,l,l,o,s,a
T,o,u,r,e,t,t,e, ,s,y,n,d,r,o,m,e
c,a,n,c,e,r
a,c,u,t,e, ,m,y,o,c,a,r,d,i,a,l, ,i,n,f,a,r,c,t,i,o,n
i,n,h,e,r,i,t,e,d, ,m,e,t,a,b,o,l,i,c, ,d,i,s,o,r,d,e,r
r,h,a,b,d,o,m,y,o,s,a,r,c,o,m,a
s,p,a,s,m
p,r,o,s,t,a,t,i,t,i,s
f,o,c,a,l, ,e,p,i,l,e,p,s,y
a,m,y,o,t,r,o,p,h,i,c, ,l,a,t,e,r,a,l, ,s,c,l,e,r,o,s,i,s
C,O,V,I,D,-,1,9
p,o,s,t,p,a,r,t,u,m, ,d,e,p,r,e,s,s,i,o,n
p,o,l,y,m,y,o,s,i,t,i,s
c,h,r,o,n,i,c, ,o,b,s,t,r,u,c,t,i,v,e, ,p,u,l,m,o,n,a,r,y, ,d,i,s,e,a,s,e
m,e,r,c,u,r,y, ,p,o,i,s,o,n,i,n,g
c,h,r,o,n,i,c, ,l,y,m,p,h,o,c,y,t,i,c, ,l,e,u,k,e,m,i,a
l,i,v,e,r, ,c,a,n,c,e,r
t,o,n,i,c,–,c,l,o,n,i,c, ,s,e,i,z,u,r,e
p,u,l,m,o,n,a,r,y, ,h,y,p,e,r,t,e,n,s,i,o,n
a,n,a,p,l,a,s,t,i,c, ,a,s,t,r,o,c,y,t,o,m,a
n,e,p,h,r,o,t,i,c, ,s,y,n,d,r,o,m,e
t,r,i,c,h,i,n,o,s,i,s
a,t,o,p,i,c, ,d,e,r,m,a,t,i,t,i,s
c,r,y,p,t,o,c,o,c,c,o,s,i,s
c,r,y,o,g,l,o,b,u,l,i,n,e,m,i,a
s,u,p,r,a,v,e,n,t,r,i,c,u,l,a,r, ,t,a,c,h,y,c,a,r,d,i,a
R,a,y,n,a,u,d, ,d,i,s,e,a,s,e
p,r,i,m,a,r,y, ,b,i,l,i,a,r,y, ,c,h,o,l,a,n,g,i,t,i,s
g,a,s,t,r,o,p,a,r,e,s,i,s
e,s,o,p,h,a,g,i,t,i,s
d,r,a,c,u,n,c,u,l,i,a,s,i,s
h,e,p,a,t,o,c,e,l,l,u,l,a,r, ,c,a,r,c,i,n,o,m,a
c,y,s,t,i,n,u,r,i,a
p,h,o,t,o,d,e,r,m,a,t,i,t,i,s
p,s,o,r,i,a,t,i,c, ,a,r,t,h,r,i,t,i,s
p,o,r,p,h,y,r,i,a, ,c,u,t,a,n,e,a, ,t,a,r,d,a
s,p,i,n,a,l, ,c,o,r,d, ,i,n,j,u,r,y
n,e,u,r,o,l,e,p,t,i,c, ,m,a,l,i,g,n,a,n,t, ,s,y,n,d,r,o,m,e
o,s,t,e,o,p,o,r,o,s,i,s
B,a,r,t,t,e,r, ,d,i,s,e,a,s,e
T,a,k,a,y,a,s,u,',s, ,a,r,t,e,r,i,t,i,s
a,l,l,e,r,g,i,c, ,r,h,i,n,i,t,i,s
s,p,a,s,t,i,c, ,q,u,a,d,r,i,p,l,e,g,i,a
s,e,a,s,o,n,a,l, ,a,l,l,e,r,g,i,c, ,r,h,i,n,i,t,i,s
c,h,i,l,d,h,o,o,d, ,a,b,s,e,n,c,e, ,e,p,i,l,e,p,s,y
a,n,e,m,i,a
r,e,n,a,l, ,c,e,l,l, ,c,a,r,c,i,n,o,m,a
r,i,c,k,e,t,s
g,i,a,n,t, ,c,e,l,l, ,a,r,t,e,r,i,t,i,s
h,i,a,t,u,s, ,h,e,r,n,i,a
a,d,e,n,o,m,y,o,s,i,s
c,o,m,p,l,e,x, ,p,a,r,t,i,a,l, ,s,e,i,z,u,r,e
k,i,d,n,e,y, ,c,a,n,c,e,r
g,l,i,o,b,l,a,s,t,o,m,a
n,e,u,r,o,e,n,d,o,c,r,i,n,e, ,t,u,m,o,r
m,a,l,i,g,n,a,n,t, ,h,y,p,e,r,t,e,n,s,i,o,n
l,o,w,-,g,r,a,d,e, ,a,s,t,r,o,c,y,t,o,m,a
i,n,s,u,l,i,n,o,m,a
p,e,m,p,h,i,g,u,s
m,a,l,i,g,n,a,n,t, ,h,y,p,e,r,t,h,e,r,m,i,a
c,u,t,a,n,e,o,u,s, ,c,a,n,d,i,d,i,a,s,i,s
b,u,l,i,m,i,a, ,n,e,r,v,o,s,a
h,e,m,o,r,r,h,o,i,d
p,y,e,l,o,n,e,p,h,r,i,t,i,s
a,n,t,i,s,o,c,i,a,l, ,p,e,r,s,o,n,a,l,i,t,y, ,d,i,s,o,r,d,e,r
b,e,r,i,b,e,r,i
p,a,r,a,s,i,t,i,c, ,h,e,l,m,i,n,t,h,i,a,s,i,s, ,i,n,f,e,c,t,i,o,u,s, ,d,i,s,e,a,s,e
c,o,r,o,n,a,r,y, ,a,r,t,e,r,y, ,d,i,s,e,a,s,e
c,o,a,r,c,t,a,t,i,o,n, ,o,f, ,t,h,e, ,a,o,r,t,a
l,o,n,g, ,Q,T, ,s,y,n,d,r,o,m,e
p,u,l,m,o,n,a,r,y, ,v,a,l,v,e, ,s,t,e,n,o,s,i,s
i,s,l,e,t, ,c,e,l,l, ,c,a,r,c,i,n,o,m,a
u,r,i,n,a,r,y, ,s,y,s,t,e,m, ,d,i,s,e,a,s,e
f,e,m,a,l,e, ,r,e,p,r,o,d,u,c,t,i,v,e, ,s,y,s,t,e,m, ,d,i,s,e,a,s,e
c,u,t,a,n,e,o,u,s, ,l,u,p,u,s, ,e,r,y,t,h,e,m,a,t,o,s,u,s
s,p,a,s,t,i,c, ,m,o,n,o,p,l,e,g,i,a
m,e,n,i,n,g,i,t,i,s
d,e,n,t,a,l, ,c,a,r,i,e,s
p,n,e,u,m,o,t,h,o,r,a,x
b,u,l,l,o,u,s, ,p,e,m,p,h,i,g,o,i,d
i,n,f,e,r,t,i,l,i,t,y
f,o,c,a,l, ,s,e,g,m,e,n,t,a,l, ,g,l,o,m,e,r,u,l,o,s,c,l,e,r,o,s,i,s
c,o,l,l,a,g,e,n, ,d,i,s,e,a,s,e
c,a,r,d,i,o,v,a,s,c,u,l,a,r, ,d,i,s,e,a,s,e
B,-,c,e,l,l, ,l,y,m,p,h,o,m,a
l,u,p,u,s, ,n,e,p,h,r,i,t,i,s
h,y,p,e,r,c,a,l,c,e,m,i,a
p,o,l,y,m,y,a,l,g,i,a, ,r,h,e,u,m,a,t,i,c,a
d,i,p,h,y,l,l,o,b,o,t,h,r,i,a,s,i,s
W,e,r,n,i,c,k,e, ,e,n,c,e,p,h,a,l,o,p,a,t,h,y
v,i,s,u,a,l, ,e,p,i,l,e,p,s,y
P,l,a,s,m,o,d,i,u,m, ,f,a,l,c,i,p,a,r,u,m, ,m,a,l,a,r,i,a
n,e,u,r,o,e,n,d,o,c,r,i,n,e, ,c,a,r,c,i,n,o,m,a
t,h,y,r,o,i,d, ,c,a,r,c,i,n,o,m,a
k,i,d,n,e,y, ,a,n,g,i,o,m,y,o,l,i,p,o,m,a
r,e,n,a,l, ,c,l,e,a,r, ,c,e,l,l, ,c,a,r,c,i,n,o,m,a
A,s,p,e,r,g,e,r, ,s,y,n,d,r,o,m,e
p,e,l,l,a,g,r,a
o,p,e,n,-,a,n,g,l,e, ,g,l,a,u,c,o,m,a
E,p,s,t,e,i,n,–,B,a,r,r, ,v,i,r,u,s, ,i,n,f,e,c,t,i,o,n
a,r,i,b,o,f,l,a,v,i,n,o,s,i,s
d,e,r,m,a,t,o,m,y,c,o,s,i,s
i,n,t,e,r,s,t,i,t,i,a,l, ,l,u,n,g, ,d,i,s,e,a,s,e
h,e,p,a,t,i,t,i,s
g,e,n,i,t,a,l, ,h,e,r,p,e,s
a,p,p,e,n,d,i,c,i,t,i,s
v,a,s,o,m,o,t,o,r, ,r,h,i,n,i,t,i,s
e,y,e, ,d,i,s,e,a,s,e
i,n,f,e,c,t,i,v,e, ,e,n,d,o,c,a,r,d,i,t,i,s
s,e,c,o,n,d,a,r,y, ,p,r,o,g,r,e,s,s,i,v,e, ,m,u,l,t,i,p,l,e, ,s,c,l,e,r,o,s,i,s
r,e,l,a,p,s,i,n,g,-,r,e,m,i,t,t,i,n,g, ,m,u,l,t,i,p,l,e, ,s,c,l,e,r,o,s,i,s
g,a,s,t,r,i,c, ,a,d,e,n,o,c,a,r,c,i,n,o,m,a
c,h,i,l,d,h,o,o,d, ,c,e,r,e,b,r,a,l, ,a,s,t,r,o,c,y,t,o,m,a
m,a,t,u,r,i,t,y,-,o,n,s,e,t, ,d,i,a,b,e,t,e,s, ,o,f, ,t,h,e, ,y,o,u,n,g, ,t,y,p,e, ,2
m,i,x,e,d, ,g,l,i,o,m,a
f,o,o,d, ,a,l,l,e,r,g,y
C,a,s,t,l,e,m,a,n,',s, ,d,i,s,e,a,s,e
s,t,r,o,n,g,y,l,o,i,d,i,a,s,i,s
h,e,m,a,t,o,p,o,i,e,t,i,c, ,s,y,s,t,e,m, ,d,i,s,e,a,s,e
a,l,l,e,r,g,y
t,r,a,n,s,i,e,n,t, ,t,i,c, ,d,i,s,o,r,d,e,r
h,e,m,o,l,y,t,i,c,-,u,r,e,m,i,c, ,s,y,n,d,r,o,m,e
a,p,h,t,h,o,u,s, ,s,t,o,m,a,t,i,t,i,s
R,i,f,t, ,V,a,l,l,e,y, ,f,e,v,e,r
h,e,p,a,t,i,t,i,s, ,E
o,s,t,e,o,a,r,t,h,r,i,t,i,s
l,e,i,s,h,m,a,n,i,a,s,i,s
p,a,r,a,s,i,t,i,c, ,p,r,o,t,o,z,o,a, ,i,n,f,e,c,t,i,o,u,s, ,d,i,s,e,a,s,e
p,r,e,s,s,u,r,e, ,u,l,c,e,r
h,y,p,e,r,s,e,n,s,i,t,i,v,i,t,y
a,u,t,o,i,m,m,u,n,e, ,d,i,s,e,a,s,e
H,e,r,p,e,s, ,s,i,m,p,l,e,x, ,v,i,r,u,s, ,m,e,n,i,n,g,o,e,n,c,e,p,h,a,l,i,t,i,s
p,r,o,s,t,a,t,e, ,c,a,n,c,e,r
g,o,u,t
h,y,p,o,p,a,r,a,t,h,y,r,o,i,d,i,s,m
m,a,l,a,r,i,a
e,n,t,h,e,s,o,p,a,t,h,y
i,n,f,a,n,t, ,r,e,s,p,i,r,a,t,o,r,y, ,d,i,s,t,r,e,s,s, ,s,y,n,d,r,o,m,e
C,r,o,h,n,',s, ,c,o,l,i,t,i,s
f,a,m,i,l,i,a,l, ,h,y,p,e,r,l,i,p,i,d,e,m,i,a
s,k,i,n, ,b,e,n,i,g,n, ,n,e,o,p,l,a,s,m
s,e,c,o,n,d,a,r,y, ,h,y,p,e,r,p,a,r,a,t,h,y,r,o,i,d,i,s,m, ,o,f, ,r,e,n,a,l, ,o,r,i,g,i,n
l,u,n,g, ,b,e,n,i,g,n, ,n,e,o,p,l,a,s,m
m,e,g,a,l,o,b,l,a,s,t,i,c, ,a,n,e,m,i,a
b,r,a,i,n, ,c,a,n,c,e,r
p,r,i,m,a,r,y, ,p,r,o,g,r,e,s,s,i,v,e, ,m,u,l,t,i,p,l,e, ,s,c,l,e,r,o,s,i,s
s,y,s,t,e,m,i,c,-,o,n,s,e,t, ,j,u,v,e,n,i,l,e, ,i,d,i,o,p,a,t,h,i,c, ,a,r,t,h,r,i,t,i,s
p,u,l,m,o,n,a,r,y, ,s,a,r,c,o,i,d,o,s,i,s
c,e,n,t,r,a,l, ,n,e,r,v,o,u,s, ,s,y,s,t,e,m, ,l,y,m,p,h,o,m,a
s,e,b,o,r,r,h,o,e,i,c, ,d,e,r,m,a,t,i,t,i,s
a,c,t,i,n,o,m,y,c,o,s,i,s
s,u,b,e,p,e,n,d,y,m,a,l, ,g,i,a,n,t, ,c,e,l,l, ,a,s,t,r,o,c,y,t,o,m,a
d,i,a,b,e,t,i,c, ,a,n,g,i,o,p,a,t,h,y
v,i,t,i,l,i,g,o
m,u,l,t,i,p,l,e, ,m,y,e,l,o,m,a
p,e,l,v,i,c, ,i,n,f,l,a,m,m,a,t,o,r,y, ,d,i,s,e,a,s,e,s
e,n,c,e,p,h,a,l,o,p,a,t,h,y
h,y,p,o,t,h,y,r,o,i,d,i,s,m
g,l,a,n,d,e,r,s
t,h,a,l,a,s,s,e,m,i,a
n,e,u,r,o,m,y,e,l,i,t,i,s, ,o,p,t,i,c,a
g,l,o,m,e,r,u,l,o,n,e,p,h,r,i,t,i,s
p,r,o,g,r,e,s,s,i,v,e, ,m,u,l,t,i,f,o,c,a,l, ,l,e,u,k,o,e,n,c,e,p,h,a,l,o,p,a,t,h,y
v,a,s,c,u,l,i,t,i,s
s,y,s,t,e,m,i,c, ,l,u,p,u,s, ,e,r,y,t,h,e,m,a,t,o,s,u,s
s,k,i,n, ,c,a,n,c,e,r
h,a,i,r,y, ,c,e,l,l, ,l,e,u,k,e,m,i,a
p,r,o,c,t,i,t,i,s
p,u,l,m,o,n,a,r,y, ,e,m,p,h,y,s,e,m,a
H,o,d,g,k,i,n, ,l,y,m,p,h,o,m,a
c,h,r,o,n,i,c, ,m,y,e,l,o,i,d, ,l,e,u,k,e,m,i,a
g,o,i,t,e,r
h,e,m,a,t,o,l,o,g,i,c, ,c,a,n,c,e,r
B,e,h,ç,e,t,',s, ,d,i,s,e,a,s,e
W,o,l,f,f,–,P,a,r,k,i,n,s,o,n,–,W,h,i,t,e, ,s,y,n,d,r,o,m,e
r,e,n,a,l, ,o,s,t,e,o,d,y,s,t,r,o,p,h,y
a,m,y,l,o,i,d,o,s,i,s
i,r,o,n, ,d,e,f,i,c,i,e,n,c,y, ,a,n,e,m,i,a
e,r,y,t,h,e,m,a, ,n,o,d,o,s,u,m
e,s,s,e,n,t,i,a,l, ,t,h,r,o,m,b,o,c,y,t,o,s,i,s
c,h,r,o,n,i,c, ,m,y,e,l,o,m,o,n,o,c,y,t,i,c, ,l,e,u,k,e,m,i,a
i,n,t,e,r,m,i,t,t,e,n,t, ,c,l,a,u,d,i,c,a,t,i,o,n
m,e,l,i,o,i,d,o,s,i,s
e,r,y,t,h,r,a,s,m,a
p,o,l,y,c,y,t,h,e,m,i,a, ,v,e,r,a
p,o,l,y,c,y,t,h,e,m,i,a
a,u,t,o,i,m,m,u,n,e, ,t,h,y,r,o,i,d,i,t,i,s
c,y,s,t,i,n,o,s,i,s
i,n,f,l,a,m,m,a,t,o,r,y, ,b,o,w,e,l, ,d,i,s,e,a,s,e,s
l,i,v,e,r, ,d,i,s,e,a,s,e
d,i,a,b,e,t,e,s
a,c,t,i,n,i,c, ,k,e,r,a,t,o,s,i,s
c,h,r,o,m,o,s,o,m,e, ,5,q, ,d,e,l,e,t,i,o,n, ,s,y,n,d,r,o,m,e
i,n,c,o,n,t,i,n,e,n,t,i,a, ,p,i,g,m,e,n,t,i, ,a,c,h,r,o,m,i,a,n,s
p,i,t,y,r,i,a,s,i,s, ,v,e,r,s,i,c,o,l,o,r
p,o,s,t,u,r,a,l, ,o,r,t,h,o,s,t,a,t,i,c, ,t,a,c,h,y,c,a,r,d,i,a, ,s,y,n,d,r,o,m,e
n,o,c,a,r,d,i,o,s,i,s
m,y,e,l,o,f,i,b,r,o,s,i,s
d,e,r,m,a,t,o,p,h,y,t,o,s,i,s
v,i,s,c,e,r,a,l, ,l,e,i,s,h,m,a,n,i,a,s,i,s
h,y,p,o,c,h,r,o,m,i,c, ,a,n,e,m,i,a
c,o,m,p,l,e,x, ,r,e,g,i,o,n,a,l, ,p,a,i,n, ,s,y,n,d,r,o,m,e
p,e,r,i,o,d,o,n,t,a,l, ,d,i,s,e,a,s,e
r,e,f,r,a,c,t,o,r,y, ,a,n,e,m,i,a, ,w,i,t,h, ,e,x,c,e,s,s, ,b,l,a,s,t,s, ,i,n, ,t,r,a,n,s,f,o,r,m,a,t,i,o,n
t,h,y,r,o,i,d, ,c,a,n,c,e,r
p,r,o,s,t,a,t,i,c, ,h,y,p,e,r,t,r,o,p,h,y
B,e,l,l,i,n,i, ,d,u,c,t, ,c,a,r,c,i,n,o,m,a
t,h,r,o,m,b,o,g,a,v,i,t,i,s
m,u,c,o,p,o,l,y,s,a,c,c,h,a,r,i,d,o,s,i,s, ,I,I
m,u,c,o,p,o,l,y,s,a,c,c,h,a,r,i,d,o,s,i,s
C,h,a,g,a,s, ,d,i,s,e,a,s,e
t,r,i,c,u,s,p,i,d, ,a,t,r,e,s,i,a
n,e,u,t,r,o,p,e,n,i,a
m,a,c,r,o,g,l,o,b,u,l,i,n,e,m,i,a
m,e,t,h,a,n,o,l, ,p,o,i,s,o,n,i,n,g
t,e,t,r,a,l,o,g,y, ,o,f, ,F,a,l,l,o,t
h,y,p,e,r,e,o,s,i,n,o,p,h,i,l,i,c, ,s,y,n,d,r,o,m,e
e,s,o,p,h,a,g,e,a,l, ,d,i,s,e,a,s,e
m,o,u,t,h, ,d,i,s,e,a,s,e
p,a,r,a,g,o,n,i,m,i,a,s,i,s
c,h,r,o,n,i,c, ,g,r,a,n,u,l,o,m,a,t,o,u,s, ,d,i,s,e,a,s,e
b,r,a,i,n, ,i,s,c,h,e,m,i,a
t,i,n,e,a, ,p,e,d,i,s
p,y,o,d,e,r,m,a, ,g,a,n,g,r,e,n,o,s,u,m
m,i,c,r,o,s,c,o,p,i,c, ,c,o,l,i,t,i,s
r,e,n,a,l, ,p,e,l,v,i,s, ,c,a,r,c,i,n,o,m,a
p,a,t,e,n,t, ,d,u,c,t,u,s, ,a,r,t,e,r,i,o,s,u,s
o,s,t,e,o,p,e,t,r,o,s,i,s
c,a,r,d,i,o,m,y,o,p,a,t,h,y
a,s,c,a,r,i,a,s,i,s
E,a,s,t,e,r,n, ,e,q,u,i,n,e, ,e,n,c,e,p,h,a,l,i,t,i,s
W,e,s,t,e,r,n, ,e,q,u,i,n,e, ,e,n,c,e,p,h,a,l,i,t,i,s
h,e,a,d, ,a,n,d, ,n,e,c,k, ,c,a,n,c,e,r
e,r,y,s,i,p,e,l,o,t,h,r,i,x, ,r,h,u,s,i,o,p,a,t,h,i,a,e, ,i,n,f,e,c,t,i,o,u,s, ,d,i,s,e,a,s,e
G,a,u,c,h,e,r,',s, ,d,i,s,e,a,s,e
c,o,n,g,e,n,i,t,a,l, ,h,e,a,r,t, ,d,i,s,e,a,s,e
e,s,s,e,n,t,i,a,l, ,h,y,p,e,r,t,e,n,s,i,o,n
m,y,x,e,d,e,m,a
f,a,s,c,i,o,l,o,p,s,i,a,s,i,s
p,l,a,s,m,a,c,y,t,o,m,a
t,r,i,c,h,u,r,i,a,s,i,s
D,u,c,h,e,n,n,e, ,m,u,s,c,u,l,a,r, ,d,y,s,t,r,o,p,h,y
m,a,m,m,a,r,y, ,P,a,g,e,t,',s, ,d,i,s,e,a,s,e
h,y,p,o,p,l,a,s,t,i,c, ,l,e,f,t, ,h,e,a,r,t, ,s,y,n,d,r,o,m,e
n,e,u,r,o,d,e,r,m,a,t,i,t,i,s
o,b,s,t,r,u,c,t,i,v,e, ,l,u,n,g, ,d,i,s,e,a,s,e
T,u,b,e,r,c,u,l,o,s,i,s, ,(,p,o,s,s,i,b,l,y,)
n,o,n,-,s,m,a,l,l,-,c,e,l,l, ,l,u,n,g, ,c,a,r,c,i,n,o,m,a
r,h,i,n,i,t,i,s
h,a,n,d, ,d,e,r,m,a,t,o,s,i,s
s,c,a,l,p, ,d,e,r,m,a,t,o,s,i,s
c,h,r,o,n,i,c, ,u,l,c,e,r, ,o,f, ,s,k,i,n
H,o,d,g,k,i,n,',s, ,l,y,m,p,h,o,m,a,",", ,m,i,x,e,d, ,c,e,l,l,u,l,a,r,i,t,y
l,e,g, ,d,e,r,m,a,t,o,s,i,s
m,e,d,u,l,l,o,m,y,o,b,l,a,s,t,o,m,a
p,n,e,u,m,o,c,y,s,t,o,s,i,s
v,a,s,c,u,l,o,g,e,n,i,c, ,i,m,p,o,t,e,n,c,e
r,e,t,i,n,a,l, ,v,e,i,n, ,o,c,c,l,u,s,i,o,n
a,n,k,y,l,o,s,i,n,g, ,s,p,o,n,d,y,l,i,t,i,s
s,y,n,d,r,o,m,e, ,o,f, ,I,n,a,p,p,r,o,p,r,i,a,t,e, ,a,n,t,i,d,i,u,r,e,t,i,c, ,h,o,r,m,o,n,e, ,s,e,c,r,e,t,i,o,n
m,y,c,o,s,i,s, ,f,u,n,g,o,i,d,e,s
e,n,t,e,r,o,b,i,a,s,i,s
g,i,a,n,t, ,p,a,p,i,l,l,a,r,y, ,c,o,n,j,u,n,c,t,i,v,i,t,i,s
K,a,w,a,s,a,k,i, ,d,i,s,e,a,s,e
s,c,a,r,l,e,t, ,f,e,v,e,r
c,e,r,e,b,r,a,l, ,m,a,l,a,r,i,a
t,r,y,p,a,n,o,s,o,m,i,a,s,i,s
c,u,t,a,n,e,o,u,s, ,l,e,i,s,h,m,a,n,i,a,s,i,s
a,c,u,t,e, ,l,y,m,p,h,o,c,y,t,i,c, ,l,e,u,k,e,m,i,a
v,u,l,v,o,v,a,g,i,n,a,l, ,c,a,n,d,i,d,i,a,s,i,s
t,h,y,r,o,t,o,x,i,c,o,s,i,s
s,c,r,o,f,u,l,a
p,i,g,m,e,n,t,a,t,i,o,n, ,d,i,s,o,r,d,e,r
s,u,b,s,t,a,n,c,e, ,u,s,e, ,d,i,s,o,r,d,e,r
v,e,n,t,r,i,c,u,l,a,r, ,t,a,c,h,y,c,a,r,d,i,a
W,a,l,d,e,n,s,t,r,ö,m, ,m,a,c,r,o,g,l,o,b,u,l,i,n,e,m,i,a
h,e,p,a,r,i,n,-,i,n,d,u,c,e,d, ,t,h,r,o,m,b,o,c,y,t,o,p,e,n,i,a
h,y,p,e,r,g,l,y,c,e,m,i,a
p,a,n,c,r,e,a,t,i,c, ,c,a,n,c,e,r
p,l,a,s,m,a, ,c,e,l,l, ,l,e,u,k,e,m,i,a
m,a,t,u,r,e, ,T,-,c,e,l,l, ,a,n,d, ,N,K,-,c,e,l,l, ,l,y,m,p,h,o,m,a
c,o,r,n,e,a,l, ,d,e,p,o,s,i,t
P,l,a,s,m,o,d,i,u,m, ,v,i,v,a,x, ,m,a,l,a,r,i,a
i,n,t,e,s,t,i,n,a,l, ,s,c,h,i,s,t,o,s,o,m,i,a,s,i,s
b,a,c,t,e,r,i,a,l, ,m,e,n,i,n,g,i,t,i,s
v,e,r,n,a,l, ,c,o,n,j,u,n,c,t,i,v,i,t,i,s
i,c,h,t,h,y,o,s,i,s, ,v,u,l,g,a,r,i,s
k,e,r,a,t,o,s,i,s
b,l,a,d,d,e,r, ,c,a,n,c,e,r
e,n,d,o,c,a,r,d,i,t,i,s
T,-,c,e,l,l, ,l,y,m,p,h,o,m,a
a,n,c,y,l,o,s,t,o,m,i,a,s,i,s
l,y,m,p,h,o,b,l,a,s,t,i,c, ,l,e,u,k,e,m,i,a
R,e,f,r,a,c,t,o,r,y, ,c,y,t,o,p,e,n,i,a, ,w,i,t,h, ,m,u,l,t,i,l,i,n,e,a,g,e, ,d,y,s,p,l,a,s,i,a
b,i,l,e, ,d,u,c,t, ,d,i,s,e,a,s,e
h,i,c,c,u,p,s
r,e,s,p,i,r,a,t,o,r,y, ,d,i,s,e,a,s,e
H,F,E, ,h,e,r,e,d,i,t,a,r,y, ,h,a,e,m,o,c,h,r,o,m,a,t,o,s,i,s
C,u,s,h,i,n,g,',s, ,s,y,n,d,r,o,m,e
r,h,e,u,m,a,t,i,c, ,f,e,v,e,r
a,u,t,o,i,m,m,u,n,e, ,h,e,p,a,t,i,t,i,s
f,e,b,r,i,l,e, ,s,e,i,z,u,r,e
o,s,t,e,o,s,a,r,c,o,m,a
a,u,t,o,i,m,m,u,n,e, ,t,h,r,o,m,b,o,c,y,t,o,p,e,n,i,c, ,p,u,r,p,u,r,a
t,y,p,e,-,1, ,d,i,a,b,e,t,e,s
t,r,a,n,s,i,t,i,o,n,a,l, ,c,e,l,l, ,c,a,r,c,i,n,o,m,a
v,i,r,a,l, ,i,n,f,e,c,t,i,o,u,s, ,d,i,s,e,a,s,e
p,o,s,t,-,t,r,a,n,s,p,l,a,n,t, ,l,y,m,p,h,o,p,r,o,l,i,f,e,r,a,t,i,v,e, ,d,i,s,o,r,d,e,r
n,u,t,r,i,t,i,o,n,a,l, ,d,e,f,i,c,i,e,n,c,y, ,d,i,s,e,a,s,e
h,e,p,a,t,o,b,l,a,s,t,o,m,a
p,l,a,s,m,a,b,l,a,s,t,i,c, ,l,y,m,p,h,o,m,a
c,o,n,t,a,c,t, ,d,e,r,m,a,t,i,t,i,s
p,r,e,c,u,r,s,o,r, ,T,-,c,e,l,l, ,l,y,m,p,h,o,b,l,a,s,t,i,c, ,l,e,u,k,e,m,i,a
c,o,n,g,e,n,i,t,a,l, ,a,d,r,e,n,a,l, ,h,y,p,e,r,p,l,a,s,i,a
b,l,e,p,h,a,r,o,s,p,a,s,m
p,r,i,m,a,r,y, ,a,n,g,i,i,t,i,s, ,o,f, ,t,h,e, ,c,e,n,t,r,a,l, ,n,e,r,v,o,u,s, ,s,y,s,t,e,m
b,o,n,e, ,s,a,r,c,o,m,a
p,r,i,m,a,r,y, ,m,e,d,i,a,s,t,i,n,a,l, ,B,-,c,e,l,l, ,l,y,m,p,h,o,m,a
p,r,e,c,u,r,s,o,r, ,T,-,c,e,l,l, ,a,c,u,t,e, ,l,y,m,p,h,o,b,l,a,s,t,i,c, ,l,e,u,k,e,m,i,a
h,y,p,e,r,c,h,o,l,e,s,t,e,r,o,l,e,m,i,a
d,r,y, ,e,y,e, ,s,y,n,d,r,o,m,e
c,o,r,n,e,a,l, ,e,d,e,m,a
g,a,s,t,r,o,e,n,t,e,r,i,t,i,s
r,e,l,a,p,s,i,n,g, ,p,o,l,y,c,h,o,n,d,r,i,t,i,s
a,n,c,y,l,o,s,t,o,m,a, ,d,u,o,d,e,n,a,l,e, ,a,n,c,y,l,o,s,t,o,m,i,a,s,i,s
f,r,o,n,t,a,l, ,l,o,b,e, ,e,p,i,l,e,p,s,y
g,l,u,c,o,s,e, ,i,n,t,o,l,e,r,a,n,c,e
N,e,l,s,o,n, ,s,y,n,d,r,o,m,e
a,n,g,i,o,e,d,e,m,a
o,p,t,i,c, ,n,e,u,r,i,t,i,s
u,t,e,r,i,n,e, ,d,i,s,e,a,s,e
m,i,g,r,a,i,n,e, ,w,i,t,h, ,a,u,r,a
c,o,l,o,n,i,c, ,b,e,n,i,g,n, ,n,e,o,p,l,a,s,m
e,c,t,o,p,i,c, ,p,r,e,g,n,a,n,c,y
f,i,b,r,o,s,a,r,c,o,m,a
m,i,g,r,a,i,n,e, ,w,i,t,h,o,u,t, ,a,u,r,a
l,i,p,i,d, ,m,e,t,a,b,o,l,i,s,m, ,d,i,s,o,r,d,e,r
s,t,o,m,a,c,h, ,c,a,n,c,e,r
d,y,s,a,r,t,h,r,i,a
e,s,o,p,h,a,g,e,a,l, ,c,a,n,c,e,r
a,r,t,h,r,o,p,a,t,h,y
a,l,v,e,o,l,a,r, ,e,c,h,i,n,o,c,o,c,c,o,s,i,s
a,n,a,s,a,r,k,a
c,a,t,a,t,o,n,i,a
c,r,i,b,r,i,f,o,r,m, ,c,a,r,c,i,n,o,m,a
s,p,i,n,d,l,e, ,c,e,l,l, ,s,a,r,c,o,m,a
a,d,r,e,n,a,l, ,c,o,r,t,e,x, ,c,a,n,c,e,r
a,d,r,e,n,a,l, ,g,l,a,n,d, ,c,a,n,c,e,r
o,l,i,g,u,r,i,a
p,u,l,m,o,n,a,r,y, ,e,d,e,m,a
a,n,u,r,i,a
b,u,r,s,i,t,i,s
a,n,o,r,e,x,i,a, ,n,e,r,v,o,s,a
A,N,T,R,A,X
a,n,o,r,e,x,i,a
a,c,u,t,e, ,g,r,a,f,t, ,v,e,r,s,u,s, ,h,o,s,t, ,d,i,s,e,a,s,e
C,o,n,n,',s, ,s,y,n,d,r,o,m,e
e,p,i,d,i,d,y,m,i,t,i,s
p,a,r,o,x,y,s,m,a,l, ,n,o,c,t,u,r,n,a,l, ,h,e,m,o,g,l,o,b,i,n,u,r,i,a
s,p,o,n,d,y,l,i,t,i,s
d,e,r,m,a,t,i,t,i,s, ,h,e,r,p,e,t,i,f,o,r,m,i,s
a,n,i,s,a,k,i,a,s,i,s
r,e,s,p,i,r,a,t,o,r,y, ,s,y,n,c,y,t,i,a,l, ,v,i,r,u,s, ,i,n,f,e,c,t,i,o,u,s, ,d,i,s,e,a,s,e
p,h,a,r,y,n,g,o,c,o,n,j,u,n,c,t,i,v,a,l, ,f,e,v,e,r
W,e,s,t, ,N,i,l,e, ,e,n,c,e,p,h,a,l,i,t,i,s
h,a,e,m,o,p,h,i,l,u,s, ,m,e,n,i,n,g,i,t,i,s
h,y,p,e,r,a,l,d,o,s,t,e,r,o,n,i,s,m
t,a,b,e,s, ,d,o,r,s,a,l,i,s
g,r,a,n,u,l,o,m,a,t,o,s,i,s, ,w,i,t,h, ,p,o,l,y,a,n,g,i,i,t,i,s
u,r,i,n,a,r,y, ,r,e,t,e,n,t,i,o,n
m,e,m,b,r,a,n,o,p,r,o,l,i,f,e,r,a,t,i,v,e, ,g,l,o,m,e,r,u,l,o,n,e,p,h,r,i,t,i,s
t,h,r,o,m,b,o,t,i,c, ,m,i,c,r,o,a,n,g,i,o,p,a,t,h,y
p,l,a,g,u,e
N,i,p,a,h, ,v,i,r,u,s, ,i,n,f,e,c,t,i,o,n
a,t,r,i,a,l, ,f,l,u,t,t,e,r
p,o,r,t,a,l, ,h,y,p,e,r,t,e,n,s,i,o,n
n,e,c,a,t,o,r,i,a,s,i,s
h,e,m,o,r,r,h,a,g,i,c, ,f,e,v,e,r, ,w,i,t,h, ,r,e,n,a,l, ,s,y,n,d,r,o,m,e
B,r,a,z,i,l,i,a,n, ,h,e,m,o,r,r,h,a,g,i,c, ,f,e,v,e,r
l,e,p,r,o,m,a,t,o,u,s, ,l,e,p,r,o,s,y
m,i,l,i,a,r,y, ,t,u,b,e,r,c,u,l,o,s,i,s
d,y,s,e,n,t,e,r,y
t,u,l,a,r,e,m,i,a
c,a,c,h,e,x,i,a
c,o,l,i,c
b,r,u,c,e,l,l,o,s,i,s
h,i,s,t,o,p,l,a,s,m,o,s,i,s
b,l,a,s,t,o,m,y,c,o,s,i,s
m,o,l,l,u,s,c,u,m, ,c,o,n,t,a,g,i,o,s,u,m
s,p,o,r,o,t,r,i,c,h,o,s,i,s
f,u,n,g,a,l, ,i,n,f,e,c,t,i,o,u,s, ,d,i,s,e,a,s,e
r,i,c,k,e,t,t,s,i,o,s,i,s
p,e,r,s,o,n,a,l,i,t,y, ,d,i,s,o,r,d,e,r
c,a,n,d,i,d,i,a,s,i,s
p,a,r,a,c,o,c,c,i,d,i,o,i,d,o,m,y,c,o,s,i,s
a,g,o,r,a,p,h,o,b,i,a
c,o,r, ,p,u,l,m,o,n,a,l,e
c,h,r,o,n,i,c, ,f,a,t,i,g,u,e, ,s,y,n,d,r,o,m,e
s,h,o,u,l,d,e,r, ,i,m,p,i,n,g,e,m,e,n,t, ,s,y,n,d,r,o,m,e
c,o,n,n,e,c,t,i,v,e, ,t,i,s,s,u,e, ,d,i,s,e,a,s,e
a,l,l,e,r,g,i,c, ,b,r,o,n,c,h,o,p,u,l,m,o,n,a,r,y, ,a,s,p,e,r,g,i,l,l,o,s,i,s
H,a,v,e,r,h,i,l,l, ,f,e,v,e,r
c,h,i,k,u,n,g,u,n,y,a
n,e,u,r,o,l,o,g,i,c,a,l, ,d,i,s,o,r,d,e,r
o,r,a,l, ,c,a,n,d,i,d,i,a,s,i,s
b,u,b,o,n,i,c, ,p,l,a,g,u,e
j,u,v,e,n,i,l,e, ,r,h,e,u,m,a,t,o,i,d, ,a,r,t,h,r,i,t,i,s
b,l,o,o,d, ,c,o,a,g,u,l,a,t,i,o,n, ,d,i,s,e,a,s,e
c,o,c,c,i,d,i,o,i,d,o,m,y,c,o,s,i,s
c,h,o,l,i,n,e, ,d,e,f,i,c,i,e,n,c,y, ,d,i,s,e,a,s,e
h,y,p,o,p,r,o,t,h,r,o,m,b,i,n,e,m,i,a
a,d,r,e,n,a,l, ,c,o,r,t,i,c,a,l, ,h,y,p,o,f,u,n,c,t,i,o,n
c,h,r,o,n,i,c, ,p,r,i,m,a,r,y, ,a,d,r,e,n,a,l, ,i,n,s,u,f,f,i,c,i,e,n,c,y
c,o,n,g,e,n,i,t,a,l, ,a,d,r,e,n,a,l, ,h,y,p,e,r,p,l,a,s,i,a, ,d,u,e, ,t,o, ,3, ,b,e,t,a,-,h,y,d,r,o,x,y,s,t,e,r,o,i,d, ,d,e,h,y,d,r,o,g,e,n,a,s,e, ,d,e,f,i,c,i,e,n,c,y
S,i,b,e,r,i,a,n, ,t,i,c,k, ,t,y,p,h,u,s
p,i,t,u,i,t,a,r,y, ,d,e,f,i,c,i,e,n,c,y
e,s,o,p,h,a,g,e,a,l, ,v,a,r,i,x
m,o,t,i,o,n, ,s,i,c,k,n,e,s,s
e,h,r,l,i,c,h,i,o,s,i,s
h,e,p,a,t,o,r,e,n,a,l, ,s,y,n,d,r,o,m,e
B,r,i,l,l,-,Z,i,n,s,s,e,r, ,d,i,s,e,a,s,e
s,e,p,t,i,c,e,m,i,c, ,p,l,a,g,u,e
p,e,r,i,c,a,r,d,i,t,i,s
n,e,p,h,r,i,t,i,s
p,r,e,m,a,t,u,r,e, ,o,v,a,r,i,a,n, ,f,a,i,l,u,r,e
R,o,c,k,y, ,M,o,u,n,t,a,i,n, ,s,p,o,t,t,e,d, ,f,e,v,e,r
a,u,t,o,i,m,m,u,n,e, ,h,e,m,o,l,y,t,i,c, ,a,n,e,m,i,a
r,e,l,a,p,s,i,n,g, ,f,e,v,e,r, ,b,o,r,r,e,l,i,o,s,i,s
e,p,i,d,e,m,i,c, ,t,y,p,h,u,s
s,c,r,u,b, ,t,y,p,h,u,s
s,y,s,t,e,m,i,c, ,s,c,l,e,r,o,d,e,r,m,a
e,n,d,e,m,i,c, ,t,y,p,h,u,s
b,l,e,e,d,i,n,g
V,e,n,e,z,u,e,l,a,n, ,e,q,u,i,n,e, ,e,n,c,e,p,h,a,l,i,t,i,s
e,n,d,o,m,e,t,r,i,a,l, ,c,a,r,c,i,n,o,m,a
s,o,d,o,k,u
p,r,e,m,a,t,u,r,e, ,m,e,n,o,p,a,u,s,e
b,u,r,n
p,a,r,k,i,n,s,o,n,i,a,n, ,s,y,n,d,r,o,m,e
b,a,c,t,e,r,i,a,l, ,c,o,n,j,u,n,c,t,i,v,i,t,i,s
k,i,d,n,e,y, ,i,n,f,e,c,t,i,o,n
l,i,n,g,u,a,l,-,f,a,c,i,a,l,-,b,u,c,c,a,l, ,d,y,s,k,i,n,e,s,i,a
a,c,r,o,m,e,g,a,l,y
a,u,t,i,s,m
l,a,r,g,e, ,i,n,t,e,s,t,i,n,e, ,c,a,n,c,e,r
n,o,n,-,c,o,n,t,r,o,l,l,e,d, ,s,u,b,s,t,a,n,c,e, ,a,b,u,s,e
Q,u,e,e,n,s,l,a,n,d, ,t,i,c,k, ,t,y,p,h,u,s
o,v,a,r,i,a,n, ,d,i,s,e,a,s,e
l,i,c,e, ,i,n,f,e,s,t,a,t,i,o,n
p,r,o,s,t,a,t,i,c, ,a,d,e,n,o,m,a
t,a,c,h,y,c,a,r,d,i,a
e,a,t,i,n,g, ,d,i,s,o,r,d,e,r
a,c,u,t,e, ,i,n,t,e,r,m,i,t,t,e,n,t, ,p,o,r,p,h,y,r,i,a
r,e,t,i,n,o,b,l,a,s,t,o,m,a
v,a,g,i,n,i,t,i,s
p,u,r,e, ,r,e,d,-,c,e,l,l, ,a,p,l,a,s,i,a
p,r,u,r,i,t,u,s, ,a,n,i
t,e,t,a,n,y
o,s,t,e,o,m,a,l,a,c,i,a
o,p,p,o,s,i,t,i,o,n,a,l, ,d,e,f,i,a,n,t, ,d,i,s,o,r,d,e,r
M,i,t,t,e,l,s,c,h,m,e,r,z
n,e,c,r,o,s,i,s
p,a,r,o,x,y,s,m,a,l, ,t,a,c,h,y,c,a,r,d,i,a
b,i,l,i,r,u,b,i,n, ,m,e,t,a,b,o,l,i,c, ,d,i,s,o,r,d,e,r
m,u,s,c,u,l,o,s,k,e,l,e,t,a,l, ,d,i,s,o,r,d,e,r
s,e,b,o,r,r,h,e,i,c, ,i,n,f,a,n,t,i,l,e, ,d,e,r,m,a,t,i,t,i,s
m,y,e,l,o,p,r,o,l,i,f,e,r,a,t,i,v,e, ,d,i,s,o,r,d,e,r,s
c,e,r,e,b,r,a,l, ,e,d,e,m,a
A,n,e,u,r,y,s,m,a,l, ,b,o,n,e, ,c,y,s,t
e,a,r,l,y, ,m,y,o,c,l,o,n,i,c, ,e,n,c,e,p,h,a,l,o,p,a,t,h,y
g,r,a,n,u,l,o,m,a,t,o,u,s, ,a,m,e,b,i,c, ,e,n,c,e,p,h,a,l,i,t,i,s
c,h,o,l,e,s,t,a,s,i,s
o,p,i,o,i,d, ,u,s,e, ,d,i,s,o,r,d,e,r
s,c,a,b,i,e,s
t,h,y,r,o,i,d, ,c,r,i,s,i,s
e,n,t,e,r,i,t,i,s
r,a,r,e, ,b,r,e,a,s,t, ,t,u,m,o,r
A,d,d,i,s,o,n,',s, ,d,i,s,e,a,s,e
t,r,e,m,o,r
f,a,i,l,u,r,e, ,t,o, ,t,h,r,i,v,e
m,e,c,h,a,n,i,c,a,l, ,s,t,r,a,b,i,s,m,u,s
h,e,r,o,i,n, ,d,e,p,e,n,d,e,n,c,e
h,y,p,e,r,a,e,m,i,a
b,e,n,i,g,n, ,n,e,o,n,a,t,a,l, ,s,e,i,z,u,r,e,s
c,e,n,t,r,a,l, ,n,e,r,v,o,u,s, ,s,y,s,t,e,m, ,o,r,i,g,i,n, ,v,e,r,t,i,g,o
h,y,p,o,a,c,t,i,v,e, ,s,e,x,u,a,l, ,d,e,s,i,r,e, ,d,i,s,o,r,d,e,r
h,y,p,o,t,r,i,c,h,o,s,i,s
l,a,r,y,n,g,e,a,l, ,c,a,n,c,e,r
t,i,n,e,a, ,c,r,u,r,i,s
r,e,c,t,u,m, ,c,a,n,c,e,r
r,e,n,o,v,a,s,c,u,l,a,r, ,h,y,p,e,r,t,e,n,s,i,o,n
m,i,c,r,o,s,c,o,p,i,c, ,p,o,l,y,a,n,g,i,i,t,i,s
a,p,p,e,n,d,i,x, ,c,a,n,c,e,r
c,o,l,o,n, ,c,a,n,c,e,r
a,m,e,l,a,n,o,t,i,c, ,m,e,l,a,n,o,m,a
m,e,m,b,r,a,n,o,u,s, ,g,l,o,m,e,r,u,l,o,n,e,p,h,r,i,t,i,s
t,h,r,o,m,b,o,t,i,c, ,t,h,r,o,m,b,o,c,y,t,o,p,e,n,i,c, ,p,u,r,p,u,r,a
I,g,G,4,-,r,e,l,a,t,e,d, ,d,i,s,e,a,s,e
f,u,n,g,a,l, ,m,e,n,i,n,g,i,t,i,s
e,s,o,p,h,a,g,e,a,l, ,c,a,n,d,i,d,i,a,s,i,s
r,e,c,t,o,s,i,g,m,o,i,d, ,c,a,n,c,e,r
a,n,a,p,l,a,s,t,i,c, ,l,a,r,g,e,-,c,e,l,l, ,l,y,m,p,h,o,m,a
s,y,s,t,e,m,i,c, ,m,y,c,o,s,i,s
h,e,a,d, ,a,n,d, ,n,e,c,k, ,s,q,u,a,m,o,u,s, ,c,e,l,l, ,c,a,r,c,i,n,o,m,a
l,u,n,g, ,o,a,t, ,c,e,l,l, ,c,a,r,c,i,n,o,m,a
p,u,l,m,o,n,a,r,y, ,t,u,b,e,r,c,u,l,o,s,i,s
f,u,s,a,r,i,o,s,i,s
g,e,r,m, ,c,e,l,l, ,c,a,n,c,e,r
h,u,m,a,n, ,h,e,r,p,e,s,v,i,r,u,s, ,8, ,i,n,f,e,c,t,i,o,u,s, ,d,i,s,e,a,s,e
d,e,l,i,r,i,u,m
e,x,o,c,r,i,n,e, ,p,a,n,c,r,e,a,t,i,c, ,i,n,s,u,f,f,i,c,i,e,n,c,y
v,o,n, ,W,i,l,l,e,b,r,a,n,d,',s, ,d,i,s,e,a,s,e
g,a,s,t,r,i,n,o,m,a
b,a,s,a,l,-,c,e,l,l, ,c,a,r,c,i,n,o,m,a
m,e,i,b,o,m,i,a,n, ,c,y,s,t
m,a,c,u,l,a,r, ,r,e,t,i,n,a,l, ,e,d,e,m,a
t,r,o,p,h,o,b,l,a,s,t,i,c, ,n,e,o,p,l,a,s,m
h,e,m,o,p,h,a,g,o,c,y,t,i,c, ,l,y,m,p,h,o,h,i,s,t,i,o,c,y,t,o,s,i,s
c,h,r,o,m,o,b,l,a,s,t,o,m,y,c,o,s,i,s
h,y,p,e,r,u,r,i,c,e,m,i,a
r,e,c,t,u,m, ,a,d,e,n,o,c,a,r,c,i,n,o,m,a
c,o,l,o,n, ,a,d,e,n,o,c,a,r,c,i,n,o,m,a
c,y,s,t,o,i,d, ,m,a,c,u,l,a,r, ,e,d,e,m,a
p,a,n,c,r,e,a,t,i,c, ,a,d,e,n,o,c,a,r,c,i,n,o,m,a
m,u,s,c,l,e, ,w,e,a,k,n,e,s,s
p,r,e,c,u,r,s,o,r, ,B,-,c,e,l,l, ,a,c,u,t,e, ,l,y,m,p,h,o,b,l,a,s,t,i,c, ,l,e,u,k,e,m,i,a
c,o,r,n,e,a,l, ,u,l,c,e,r
t,o,n,g,u,e, ,s,q,u,a,m,o,u,s, ,c,e,l,l, ,c,a,r,c,i,n,o,m,a
c,r,y,p,t,o,c,o,c,c,a,l, ,m,e,n,i,n,g,i,t,i,s
a,n,a,l, ,s,q,u,a,m,o,u,s, ,c,e,l,l, ,c,a,r,c,i,n,o,m,a
a,n,a,l, ,c,a,r,c,i,n,o,m,a
L,e,t,t,e,r,e,r,–,S,i,w,e, ,d,i,s,e,a,s,e
c,h,o,l,e,l,i,t,h,i,a,s,i,s
b,r,o,n,c,h,i,e,c,t,a,s,i,s
b,r,o,n,c,h,o,s,p,a,s,m
s,q,u,a,m,o,u,s, ,c,e,l,l, ,c,a,r,c,i,n,o,m,a
p,i,t,y,r,i,a,s,i,s, ,r,u,b,r,a, ,p,i,l,a,r,i,s
c,o,l,o,r,e,c,t,a,l, ,c,a,n,c,e,r
h,a,i,r, ,l,o,s,s
s,c,u,r,v,y
c,h,o,r,o,i,d, ,p,l,e,x,u,s, ,c,a,r,c,i,n,o,m,a
r,e,a,c,t,i,v,e, ,a,r,t,h,r,i,t,i,s
c,h,r,o,n,i,c, ,r,e,c,u,r,r,e,n,t, ,m,u,l,t,i,f,o,c,a,l, ,o,s,t,e,o,m,y,e,l,i,t,i,s
c,o,r,n,e,a,l, ,n,e,o,v,a,s,c,u,l,a,r,i,z,a,t,i,o,n
t,h,r,o,m,b,o,a,n,g,i,i,t,i,s, ,o,b,l,i,t,e,r,a,n,s
s,q,u,a,m,o,u,s, ,c,e,l,l, ,c,a,r,c,i,n,o,m,a, ,o,f, ,t,h,e, ,l,u,n,g
p,a,l,i,n,d,r,o,m,i,c, ,r,h,e,u,m,a,t,i,s,m
e,m,b,r,y,o,n,a,l, ,c,a,n,c,e,r
b,o,n,e, ,m,a,r,r,o,w, ,d,i,s,e,a,s,e
c,o,n,g,e,n,i,t,a,l, ,h,e,a,r,t, ,b,l,o,c,k
p,s,o,r,i,a,s,i,s,-,r,e,l,a,t,e,d, ,j,u,v,e,n,i,l,e, ,i,d,i,o,p,a,t,h,i,c, ,a,r,t,h,r,i,t,i,s
t,h,r,o,m,b,o,p,h,l,e,b,i,t,i,s
c,y,s,t,i,c,e,r,c,o,s,i,s
v,a,s,c,u,l,a,r, ,d,e,m,e,n,t,i,a
c,h,o,l,e,s,t,e,a,t,o,m,a
a,l,v,e,o,l,a,r, ,r,h,a,b,d,o,m,y,o,s,a,r,c,o,m,a
d,i,a,b,e,t,i,c, ,r,e,t,i,n,o,p,a,t,h,y
b,r,o,n,c,h,u,s, ,c,a,r,c,i,n,o,m,a
c,e,n,t,r,a,l, ,n,e,r,v,o,u,s, ,s,y,s,t,e,m, ,c,a,n,c,e,r
o,v,a,r,i,a,n, ,c,a,r,c,i,n,o,m,a
p,e,r,i,t,o,n,e,u,m, ,c,a,n,c,e,r
e,n,d,o,m,e,t,r,i,a,l, ,a,d,e,n,o,c,a,r,c,i,n,o,m,a
i,n,t,e,s,t,i,n,a,l, ,d,i,s,e,a,s,e
K,u,h,n,t,-,J,u,n,i,u,s, ,d,e,g,e,n,e,r,a,t,i,o,n
b,l,a,d,d,e,r, ,u,r,o,t,h,e,l,i,a,l, ,c,a,r,c,i,n,o,m,a
c,a,u,s,a,l,g,i,a
s,p,i,n,a,l, ,s,t,e,n,o,s,i,s
L,e,w,y, ,b,o,d,y, ,d,e,m,e,n,t,i,a
s,p,a,r,g,a,n,o,s,i,s
m,e,t,h,e,m,o,g,l,o,b,i,n,e,m,i,a
l,u,n,g, ,s,m,a,l,l, ,c,e,l,l, ,c,a,r,c,i,n,o,m,a
o,p,i,s,t,h,o,r,c,h,i,a,s,i,s
c,l,o,n,o,r,c,h,i,a,s,i,s
h,y,p,e,r,t,r,i,c,h,o,s,i,s
s,e,x,u,a,l, ,d,y,s,f,u,n,c,t,i,o,n
d,i,c,r,o,c,o,e,l,i,a,s,i,s
u,t,e,r,u,s, ,l,e,i,o,m,y,o,s,a,r,c,o,m,a
s,e,p,t,i,c, ,a,r,t,h,r,i,t,i,s
b,i,l,e, ,d,u,c,t, ,c,a,r,c,i,n,o,m,a
p,e,r,s,i,s,t,e,n,t, ,f,e,t,a,l, ,c,i,r,c,u,l,a,t,i,o,n, ,s,y,n,d,r,o,m,e
p,a,n,c,r,e,a,t,i,c, ,d,u,c,t,a,l, ,c,a,r,c,i,n,o,m,a
a,r,t,e,r,i,o,s,c,l,e,r,o,s,i,s, ,o,b,l,i,t,e,r,a,n,s
p,a,r,a,n,a,s,a,l, ,s,i,n,u,s, ,d,i,s,e,a,s,e
p,r,o,s,t,a,t,e, ,d,i,s,e,a,s,e
f,u,n,c,t,i,o,n,a,l, ,c,o,l,o,n,i,c, ,d,i,s,e,a,s,e
P,o,r,t,o,p,u,l,m,o,n,a,r,y, ,h,y,p,e,r,t,e,n,s,i,o,n
i,n,f,a,n,t, ,g,y,n,e,c,o,m,a,s,t,i,a
p,r,i,m,a,r,y, ,p,u,l,m,o,n,a,r,y, ,h,y,p,e,r,t,e,n,s,i,o,n
c,h,r,o,n,i,c, ,p,u,l,m,o,n,a,r,y, ,h,e,a,r,t, ,d,i,s,e,a,s,e
s,u,b,a,c,u,t,e, ,d,e,l,i,r,i,u,m
f,a,s,c,i,o,l,o,s,i,s
h,e,t,e,r,o,p,h,y,i,a,s,i,s
M,y,c,o,p,l,a,s,m,a, ,p,n,e,u,m,o,n,i,a
m,e,t,a,g,o,n,i,m,i,a,s,i,s
t,y,r,o,s,i,n,e,m,i,a, ,t,y,p,e, ,I,I,I
h,y,p,e,r,t,h,y,r,o,i,d,i,s,m
h,y,m,e,n,o,l,e,p,i,a,s,i,s
m,a,x,i,l,l,a,r,y, ,s,i,n,u,s,i,t,i,s
c,a,r,c,i,n,o,m,a, ,o,f, ,g,a,l,l,b,l,a,d,d,e,r, ,a,n,d, ,e,x,t,r,a,h,e,p,a,t,i,c, ,b,i,l,i,a,r,y, ,t,r,a,c,t
e,x,u,d,a,t,i,v,e, ,v,i,t,r,e,o,r,e,t,i,n,o,p,a,t,h,y, ,1
d,e,s,m,o,i,d, ,d,i,s,e,a,s,e,",", ,h,e,r,e,d,i,t,a,r,y
p,h,o,t,o,p,h,o,b,i,a
i,m,p,e,t,i,g,o
f,i,l,a,r,i,a,l, ,e,l,e,p,h,a,n,t,i,a,s,i,s
n,o,c,t,u,r,i,a
f,a,m,i,l,i,a,l, ,h,y,p,e,r,c,h,o,l,e,s,t,e,r,o,l,e,m,i,a
l,i,p,e,d,e,m,a
t,r,a,n,s,v,e,r,s,e, ,m,y,e,l,i,t,i,s
c,o,c,a,i,n,e, ,d,e,p,e,n,d,e,n,c,e
c,u,t,a,n,e,o,u,s, ,T, ,c,e,l,l, ,l,y,m,p,h,o,m,a
c,e,r,e,b,r,a,l, ,p,a,l,s,y
h,y,p,o,s,t,h,e,n,u,r,i,a
t,r,a,c,h,e,a, ,c,a,r,c,i,n,o,m,a
l,u,n,g, ,c,a,r,c,i,n,o,m,a, ,i,n, ,s,i,t,u
r,a,r,e, ,u,r,i,n,a,r,y, ,t,r,a,c,t, ,t,u,m,o,r
r,a,r,e, ,d,y,s,l,i,p,i,d,e,m,i,a
s,i,g,m,o,i,d, ,d,i,s,e,a,s,e
c,a,r,c,i,n,o,i,d, ,s,y,n,d,r,o,m,e
e,c,h,i,n,o,c,o,c,c,o,s,i,s
l,i,c,h,e,n, ,p,l,a,n,u,s
f,a,c,i,a,l, ,p,a,r,a,l,y,s,i,s
p,r,o,l,a,c,t,i,n,o,m,a
n,e,u,r,o,g,e,n,i,c, ,b,l,a,d,d,e,r
g,n,a,t,h,o,m,i,a,s,i,s
h,y,p,e,r,k,a,l,e,m,i,a
a,l,l,e,r,g,i,c, ,c,o,n,j,u,n,c,t,i,v,i,t,i,s
p,r,o,l,a,c,t,i,n, ,p,r,o,d,u,c,i,n,g, ,p,i,t,u,i,t,a,r,y, ,t,u,m,o,r
f,a,l,l,o,p,i,a,n, ,t,u,b,e, ,c,a,r,c,i,n,o,m,a
S,p,i,n,a,l, ,c,o,r,d, ,c,a,n,c,e,r
p,r,o,t,e,i,n,u,r,i,a
s,p,o,n,d,y,l,o,l,y,s,i,s
h,y,p,e,r,p,r,o,l,a,c,t,i,n,e,m,i,a
a,n,g,l,e,-,c,l,o,s,u,r,e, ,g,l,a,u,c,o,m,a
s,u,p,p,u,r,a,t,i,v,e, ,o,t,i,t,i,s, ,m,e,d,i,a
h,y,p,o,p,i,t,u,i,t,a,r,i,s,m
a,n,o,g,e,n,i,t,a,l, ,v,e,n,e,r,e,a,l, ,w,a,r,t
h,i,s,t,i,o,c,y,t,o,s,i,s
c,o,g,n,i,t,i,v,e, ,d,i,s,o,r,d,e,r
p,h,a,e,o,c,h,r,o,m,o,c,y,t,o,m,a
b,l,a,d,d,e,r, ,n,e,c,k, ,o,b,s,t,r,u,c,t,i,o,n
c,o,r,n,e,a,l, ,d,i,s,e,a,s,e
u,r,e,t,h,r,a,l, ,o,b,s,t,r,u,c,t,i,o,n
p,i,t,u,i,t,a,r,y, ,c,a,r,c,i,n,o,m,a
S,j,ö,g,r,e,n,',s, ,s,y,n,d,r,o,m,e
n,e,p,h,r,o,l,i,t,h,i,a,s,i,s
b,e,t,a,-,t,h,a,l,a,s,s,e,m,i,a, ,H,B,B,/,L,C,R,B
f,o,l,l,i,c,u,l,a,r, ,a,d,e,n,o,m,a
m,i,c,r,o,g,l,a,n,d,u,l,a,r, ,a,d,e,n,o,s,i,s
r,a,r,e, ,h,e,r,e,d,i,t,a,r,y, ,h,e,m,o,c,h,r,o,m,a,t,o,s,i,s
o,r,c,h,i,t,i,s
p,i,t,y,r,i,a,s,i,s, ,r,o,s,e,a
o,v,a,r,i,a,n, ,h,y,p,e,r,s,t,i,m,u,l,a,t,i,o,n, ,s,y,n,d,r,o,m,e
e,r,y,t,h,r,o,b,l,a,s,t,o,p,e,n,i,a
m,i,c,r,o,s,p,o,r,i,d,i,o,s,i,s
m,e,d,i,a,l, ,e,p,i,c,o,n,d,y,l,i,t,i,s
e,n,d, ,s,t,a,g,e, ,r,e,n,a,l, ,f,a,i,l,u,r,e
a,c,u,t,e, ,h,e,m,o,r,r,h,a,g,i,c, ,c,o,n,j,u,n,c,t,i,v,i,t,i,s
i,r,o,n, ,m,e,t,a,b,o,l,i,s,m, ,d,i,s,e,a,s,e
c,y,a,n,o,s,i,s
p,e,r,i,p,h,e,r,a,l, ,v,e,r,t,i,g,o
c,o,n,g,e,n,i,t,a,l, ,h,y,p,o,p,l,a,s,t,i,c, ,a,n,e,m,i,a
g,y,n,e,c,o,m,a,s,t,i,a
a,g,r,a,n,u,l,o,c,y,t,o,s,i,s
s,a,l,m,o,n,e,l,l,o,s,i,s
u,r,i,n,a,r,y, ,i,n,c,o,n,t,i,n,e,n,c,e
p,h,a,n,t,o,m, ,p,a,i,n
g,l,y,c,o,g,e,n, ,s,t,o,r,a,g,e, ,d,i,s,e,a,s,e
g,l,y,c,o,g,e,n, ,s,t,o,r,a,g,e, ,d,i,s,e,a,s,e, ,I,I
c,e,r,e,b,r,a,l, ,v,e,n,o,u,s, ,s,i,n,u,s, ,t,h,r,o,m,b,o,s,i,s
s,k,i,n, ,m,e,l,a,n,o,m,a
f,a,s,c,i,o,l,o,i,d,i,a,s,i,s
g,e,n,d,e,r, ,d,y,s,p,h,o,r,i,a
h,y,p,o,d,e,r,m,y,a,s,i,s
p,e,r,i,a,r,t,h,r,i,t,i,s
b,i,p,o,l,a,r, ,I, ,d,i,s,o,r,d,e,r
a,c,a,r,i,a,s,i,s
h,e,a,r,t, ,c,o,n,d,u,c,t,i,o,n, ,d,i,s,e,a,s,e
t,o,x,o,c,a,r,i,a,s,i,s
t,h,r,o,m,b,o,p,h,i,l,i,a
t,o,x,a,s,c,a,r,i,a,s,i,s
b,o,r,d,e,r,l,i,n,e, ,l,e,p,r,o,s,y
T,-,c,e,l,l, ,p,r,o,l,y,m,p,h,o,c,y,t,i,c, ,l,e,u,k,e,m,i,a
o,r,o,p,h,a,r,y,n,x, ,c,a,n,c,e,r
p,r,o,s,t,a,t,e, ,c,a,r,c,i,n,o,m,a
t,e,s,t,i,c,u,l,a,r, ,m,a,l,i,g,n,a,n,t, ,g,e,r,m, ,c,e,l,l, ,c,a,n,c,e,r
a,m,p,u,l,l,a, ,o,f, ,V,a,t,e,r, ,c,a,n,c,e,r
a,n,g,i,o,m,y,o,l,i,p,o,m,a
s,t,o,m,a,t,i,t,i,s
s,l,e,e,p, ,a,p,n,e,a
h,y,p,o,p,h,a,r,y,n,x, ,c,a,n,c,e,r
t,o,n,g,u,e, ,c,a,n,c,e,r
g,u,m, ,c,a,n,c,e,r
t,o,n,s,i,l, ,c,a,n,c,e,r
c,u,t,a,n,e,o,u,s, ,s,q,u,a,m,o,u,s,-,c,e,l,l, ,c,a,r,c,i,n,o,m,a
c,h,o,l,a,n,g,i,o,c,a,r,c,i,n,o,m,a
a,c,u,t,e, ,r,e,s,p,i,r,a,t,o,r,y, ,d,i,s,t,r,e,s,s, ,s,y,n,d,r,o,m,e
r,e,t,i,n,i,t,i,s, ,p,i,g,m,e,n,t,o,s,a
h,e,a,r,t, ,v,a,l,v,e, ,d,i,s,e,a,s,e
h,y,p,o,s,p,a,d,i,a,s
c,o,r,o,n,a,r,y, ,t,h,r,o,m,b,o,s,i,s
s,u,b,s,t,a,n,c,e, ,d,e,p,e,n,d,e,n,c,e
e,p,i,s,p,a,d,i,a,s
d,i,r,o,f,i,l,a,r,i,a,s,i,s
t,i,n,e,a, ,c,o,r,p,o,r,i,s
p,r,i,m,a,r,y, ,h,y,p,e,r,o,x,a,l,u,r,i,a
u,r,e,t,h,r,a,l, ,c,a,l,c,u,l,u,s
o,n,c,h,o,c,e,r,c,i,a,s,i,s
m,a,n,s,o,n,e,l,l,i,a,s,i,s
i,n,t,e,r,m,i,t,t,e,n,t, ,e,x,p,l,o,s,i,v,e, ,d,i,s,o,r,d,e,r
e,l,e,p,h,a,n,t,i,a,s,i,s
p,r,e,c,o,c,i,o,u,s, ,p,u,b,e,r,t,y
b,e,n,i,g,n, ,p,l,e,u,r,a,l, ,m,e,s,o,t,h,e,l,i,o,m,a
m,a,l,i,g,n,a,n,t, ,p,l,e,u,r,a,l, ,m,e,s,o,t,h,e,l,i,o,m,a
b,e,n,i,g,n, ,m,e,s,o,t,h,e,l,i,o,m,a
a,c,u,t,e, ,m,a,x,i,l,l,a,r,y, ,s,i,n,u,s,i,t,i,s
m,i,o,s,i,s
c,y,c,l,o,s,p,o,r,i,a,s,i,s
m,y,o,t,o,n,i,a, ,c,o,n,g,e,n,i,t,a
m,u,l,t,i,p,l,e, ,s,y,s,t,e,m, ,a,t,r,o,p,h,y
l,e,i,o,m,y,o,m,a
p,o,l,y,u,r,i,a
L,e,s,c,h,-,N,y,h,a,n, ,s,y,n,d,r,o,m,e
b,r,o,n,c,h,o,p,u,l,m,o,n,a,r,y, ,d,y,s,p,l,a,s,i,a
p,h,o,s,p,h,o,r,u,s, ,m,e,t,a,b,o,l,i,s,m, ,d,i,s,e,a,s,e
t,e,r,t,i,a,r,y, ,n,e,u,r,o,s,y,p,h,i,l,i,s
a,l,c,o,h,o,l, ,w,i,t,h,d,r,a,w,a,l, ,s,y,n,d,r,o,m,e
n,e,u,r,o,d,e,g,e,n,e,r,a,t,i,o,n
c,h,o,r,e,i,c, ,m,o,v,e,m,e,n,t
i,m,p,u,l,s,e, ,c,o,n,t,r,o,l, ,d,i,s,o,r,d,e,r
p,e,r,v,a,s,i,v,e, ,d,e,v,e,l,o,p,m,e,n,t,a,l, ,d,i,s,o,r,d,e,r
c,o,n,n,e,c,t,i,v,e, ,t,i,s,s,u,e, ,n,e,o,p,l,a,s,m
n,e,u,r,o,r,e,t,i,n,i,t,i,s
t,h,y,m,u,s, ,c,a,n,c,e,r
a,b,d,o,m,i,n,a,l, ,p,a,i,n
r,e,s,p,i,r,a,t,o,r,y, ,a,l,l,e,r,g,y
r,a,r,e, ,t,h,y,r,o,i,d, ,d,i,s,e,a,s,e
c,y,t,o,m,e,g,a,l,o,v,i,r,u,s, ,r,e,t,i,n,i,t,i,s
F,a,b,r,y, ,d,i,s,e,a,s,e
s,t,u,p,o,r
d,y,s,k,i,n,e,s,i,a, ,o,f, ,e,s,o,p,h,a,g,u,s
c,o,c,c,i,d,i,o,s,i,s
n,o,c,t,u,r,n,a,l, ,e,n,u,r,e,s,i,s
a,s,t,h,e,n,i,a
g,l,i,o,m,a
k,e,r,a,t,o,c,o,n,j,u,n,c,t,i,v,i,t,i,s
F,a,z,i,o,-,L,o,n,d,e, ,d,i,s,e,a,s,e
c,h,r,o,n,i,c, ,l,e,u,k,e,m,i,a
s,m,a,l,l,p,o,x
b,l,e,p,h,a,r,o,c,o,n,j,u,n,c,t,i,v,i,t,i,s
o,p,h,t,h,a,l,m,i,a, ,n,e,o,n,a,t,o,r,u,m
s,m,a,l,l, ,i,n,t,e,s,t,i,n,e, ,c,a,r,c,i,n,o,i,d, ,n,e,u,r,o,e,n,d,o,c,r,i,n,e, ,t,u,m,o,r
c,h,i,l,d,h,o,o,d, ,t,y,p,e, ,d,e,r,m,a,t,o,m,y,o,s,i,t,i,s
h,e,m,i,p,l,e,g,i,a
m,p,o,x
t,r,i,c,h,o,m,o,n,i,a,s,i,s
d,y,s,t,o,n,i,a
I,g,A, ,g,l,o,m,e,r,u,l,o,n,e,p,h,r,i,t,i,s
l,i,p,o,i,d, ,n,e,p,h,r,o,s,i,s
f,o,c,a,l, ,d,y,s,t,o,n,i,a
c,h,r,o,n,i,c, ,g,a,s,t,r,i,t,i,s
s,p,l,e,n,i,c, ,d,i,s,e,a,s,e
h,y,p,e,r,l,i,p,o,p,r,o,t,e,i,n,e,m,i,a, ,t,y,p,e, ,V
u,p,p,e,r, ,r,e,s,p,i,r,a,t,o,r,y, ,t,r,a,c,t, ,d,i,s,e,a,s,e
u,r,e,t,h,r,a,l, ,d,i,s,e,a,s,e
s,y,n,o,v,i,a,l, ,s,a,r,c,o,m,a
a,n,t,e,r,i,o,r, ,u,v,e,i,t,i,s
u,t,e,r,i,n,e, ,s,a,r,c,o,m,a
i,n,f,l,a,m,m,a,t,o,r,y, ,m,y,o,f,i,b,r,o,b,l,a,s,t,i,c, ,t,u,m,o,u,r
o,v,a,r,i,a,n, ,d,y,s,f,u,n,c,t,i,o,n
m,a,s,t,i,t,i,s
f,a,m,i,l,i,a,l, ,M,e,d,i,t,e,r,r,a,n,e,a,n, ,f,e,v,e,r
p,y,o,d,e,r,m,a
g,a,s,t,r,o,i,n,t,e,s,t,i,n,a,l, ,s,y,s,t,e,m, ,c,a,n,c,e,r
c,a,t,a,p,l,e,x,y
K,l,i,n,e,f,e,l,t,e,r,',s, ,s,y,n,d,r,o,m,e
p,s,y,c,h,o,l,o,g,i,c, ,d,y,s,p,a,r,e,u,n,i,a
p,h,l,e,b,i,t,i,s
v,e,i,n, ,d,i,s,o,r,d,e,r
X,-,l,i,n,k,e,d, ,a,d,r,e,n,o,l,e,u,k,o,d,y,s,t,r,o,p,h,y
h,e,m,o,p,h,i,l,i,a, ,A
m,u,l,t,i,d,r,u,g,-,r,e,s,i,s,t,a,n,t, ,t,u,b,e,r,c,u,l,o,s,i,s
a,u,t,i,s,m, ,s,p,e,c,t,r,u,m, ,d,i,s,o,r,d,e,r
e,o,s,i,n,o,p,h,i,l,i,c, ,e,s,o,p,h,a,g,i,t,i,s
t,e,s,t,i,c,u,l,a,r, ,d,i,s,e,a,s,e
h,e,p,a,t,i,c, ,e,n,c,e,p,h,a,l,o,p,a,t,h,y
d,i,l,a,t,e,d, ,c,a,r,d,i,o,m,y,o,p,a,t,h,y
R,e,y,e, ,s,y,n,d,r,o,m,e
E,r,d,h,e,i,m,-,C,h,e,s,t,e,r, ,d,i,s,e,a,s,e
P,H,A,C,E, ,a,s,s,o,c,i,a,t,i,o,n
p,a,r,a,n,o,i,d, ,s,c,h,i,z,o,p,h,r,e,n,i,a
B,u,r,k,i,t,t, ,l,y,m,p,h,o,m,a
f,a,m,i,l,i,a,l, ,a,d,e,n,o,m,a,t,o,u,s, ,p,o,l,y,p,o,s,i,s
h,e,m,o,s,i,d,e,r,o,s,i,s
s,p,i,n,d,l,e, ,c,e,l,l, ,c,a,r,c,i,n,o,m,a
b,e,n,i,g,n, ,n,e,o,p,l,a,s,m, ,o,f, ,p,i,t,u,i,t,a,r,y, ,g,l,a,n,d
b,r,e,a,s,t, ,c,a,r,c,i,n,o,m,a
p,o,l,y,c,y,s,t,i,c, ,o,v,a,r,y, ,s,y,n,d,r,o,m,e
g,r,a,n,u,l,o,m,a, ,a,n,n,u,l,a,r,e
a,s,c,e,n,d,i,n,g, ,c,h,o,l,a,n,g,i,t,i,s
c,y,a,n,i,d,e, ,p,o,i,s,o,n,i,n,g
v,a,r,i,c,o,s,e, ,v,e,i,n,s
s,p,i,n,a,l, ,m,u,s,c,u,l,a,r, ,a,t,r,o,p,h,y
p,e,r,o,x,i,s,o,m,a,l, ,d,i,s,e,a,s,e
p,o,s,t,e,n,c,e,p,h,a,l,i,t,i,c, ,P,a,r,k,i,n,s,o,n, ,d,i,s,e,a,s,e
Z,e,n,k,e,r,',s, ,p,a,r,a,l,y,s,i,s
c,o,l,o,n,i,c, ,d,i,s,e,a,s,e
v,a,g,i,n,a,l, ,d,i,s,e,a,s,e
a,c,q,u,i,r,e,d, ,l,i,p,o,d,y,s,t,r,o,p,h,y
M,e,r,k,e,l, ,c,e,l,l, ,c,a,r,c,i,n,o,m,a
s,u,b,a,c,u,t,e, ,b,a,c,t,e,r,i,a,l, ,e,n,d,o,c,a,r,d,i,t,i,s
m,u,c,o,p,o,l,y,s,a,c,c,h,a,r,i,d,o,s,i,s, ,I
l,i,p,i,d, ,s,t,o,r,a,g,e, ,d,i,s,e,a,s,e
a,d,r,e,n,a,l, ,g,l,a,n,d, ,h,y,p,e,r,f,u,n,c,t,i,o,n
f,a,c,t,o,r, ,V,I,I, ,d,e,f,i,c,i,e,n,c,y
b,a,r,e, ,l,y,m,p,h,o,c,y,t,e, ,s,y,n,d,r,o,m,e, ,2
m,a,l,e, ,r,e,p,r,o,d,u,c,t,i,v,e, ,s,y,s,t,e,m, ,d,i,s,e,a,s,e
a,l,l,e,r,g,i,c, ,c,o,n,t,a,c,t, ,d,e,r,m,a,t,i,t,i,s
s,q,u,a,m,o,u,s, ,c,e,l,l, ,p,a,p,i,l,l,o,m,a
p,r,e,m,a,t,u,r,e, ,e,j,a,c,u,l,a,t,i,o,n
s,i,c,k,l,e,-,c,e,l,l, ,d,i,s,e,a,s,e
s,u,b,a,c,u,t,e, ,s,c,l,e,r,o,s,i,n,g, ,p,a,n,e,n,c,e,p,h,a,l,i,t,i,s
p,r,i,m,a,r,y, ,c,e,n,t,r,a,l, ,n,e,r,v,o,u,s, ,s,y,s,t,e,m, ,l,y,m,p,h,o,m,a
a,c,u,t,e, ,b,a,s,o,p,h,i,l,i,c, ,l,e,u,k,e,m,i,a
c,e,r,e,b,r,a,l, ,a,r,t,e,r,y, ,o,c,c,l,u,s,i,o,n
H,e,n,d,r,a, ,v,i,r,u,s, ,i,n,f,e,c,t,i,o,n
P,r,a,d,e,r,–,W,i,l,l,i, ,s,y,n,d,r,o,m,e
C,h,u,r,g,-,S,t,r,a,u,s,s, ,s,y,n,d,r,o,m,e
i,n,t,e,s,t,i,n,a,l, ,i,n,f,e,c,t,i,o,u,s, ,d,i,s,e,a,s,e
s,u,b,c,o,r,n,e,a,l, ,p,u,s,t,u,l,a,r, ,d,e,r,m,a,t,o,s,i,s
v,e,s,i,c,u,l,o,b,u,l,l,o,u,s, ,s,k,i,n, ,d,i,s,e,a,s,e
p,i,t,u,i,t,a,r,y,-,d,e,p,e,n,d,e,n,t, ,C,u,s,h,i,n,g,',s, ,d,i,s,e,a,s,e
h,o,m,o,c,y,s,t,i,n,u,r,i,a
a,c,q,u,i,r,e,d, ,h,e,m,o,p,h,i,l,i,a
e,y,e, ,i,n,f,l,a,m,m,a,t,i,o,n
p,u,l,m,o,n,a,r,y, ,i,m,m,a,t,u,r,i,t,y
d,r,u,g, ,r,e,a,c,t,i,o,n, ,w,i,t,h, ,e,o,s,i,n,o,p,h,i,l,i,a, ,a,n,d, ,s,y,s,t,e,m,i,c, ,s,y,m,p,t,o,m,s
b,e,t,a, ,t,h,a,l,a,s,s,e,m,i,a
e,c,l,a,m,p,s,i,a
h,y,p,o,k,a,l,e,m,i,c, ,p,e,r,i,o,d,i,c, ,p,a,r,a,l,y,s,i,s
p,a,n,c,r,e,a,t,i,t,i,s
P,r,i,n,z,m,e,t,a,l,',s, ,a,n,g,i,n,a
d,e,x,t,r,o,-,t,r,a,n,s,p,o,s,i,t,i,o,n, ,o,f, ,t,h,e, ,g,r,e,a,t, ,a,r,t,e,r,i,e,s
h,y,p,e,r,k,a,l,e,m,i,c, ,p,e,r,i,o,d,i,c, ,p,a,r,a,l,y,s,i,s
a,n,a,p,l,a,s,t,i,c, ,t,h,y,r,o,i,d, ,c,a,n,c,e,r
s,e,c,o,n,d,a,r,y, ,p,a,r,k,i,n,s,o,n,i,s,m
c,h,r,o,n,i,c, ,r,h,i,n,i,t,i,s
s,t,r,o,k,e
i,s,c,h,e,m,i,a
k,e,r,a,t,o,c,o,n,j,u,n,c,t,i,v,i,t,i,s, ,s,i,c,c,a
a,p,h,a,l,l,i,a
h,y,p,o,g,o,n,a,d,o,t,r,o,p,i,c, ,h,y,p,o,g,o,n,a,d,i,s,m, ,7, ,w,i,t,h, ,o,r, ,w,i,t,h,o,u,t, ,a,n,o,s,m,i,a
